"../../../Engine/Plugins/2D/Paper2D/Content/PlaceholderTextures/DummySpriteTexture.ubulk" 0
"../../../Engine/Plugins/2D/Paper2D/Content/PlaceholderTextures/DummySpriteTexture.uasset" 1
"../../../Engine/Plugins/2D/Paper2D/Content/PlaceholderTextures/DummySpriteTexture.uexp" 2
"../../../Engine/Plugins/2D/Paper2D/Content/DummySprite.uasset" 3
"../../../Engine/Plugins/2D/Paper2D/Content/DummySprite.uexp" 4
"../../../Engine/Plugins/2D/Paper2D/Content/DefaultPaperTerrainMaterial.uasset" 5
"../../../Engine/Plugins/2D/Paper2D/Content/DefaultPaperTerrainMaterial.uexp" 6
"../../../Engine/Plugins/Animation/ACLPlugin/Content/ACLAnimCurveCompressionSettings.uasset" 7
"../../../Engine/Plugins/Animation/ACLPlugin/Content/ACLAnimCurveCompressionSettings.uexp" 8
"../../../Engine/Plugins/Animation/ACLPlugin/Content/ACLAnimBoneCompressionSettings.uasset" 9
"../../../Engine/Plugins/Animation/ACLPlugin/Content/ACLAnimBoneCompressionSettings.uexp" 10
"../../../Engine/Content/Animation/DefaultVariableFrameStrippingSettings.uasset" 11
"../../../Engine/Content/Animation/DefaultVariableFrameStrippingSettings.uexp" 12
"../../../Engine/Content/Animation/DefaultRecorderBoneCompression.uasset" 13
"../../../Engine/Content/Animation/DefaultRecorderBoneCompression.uexp" 14
"../../../Engine/Plugins/Animation/ControlRig/Content/Controls/DefaultGizmoLibraryNormalized.uasset" 15
"../../../Engine/Plugins/Animation/ControlRig/Content/Controls/DefaultGizmoLibraryNormalized.uexp" 16
"../../../Engine/Content/EngineSounds/Master.uasset" 17
"../../../Engine/Content/EngineSounds/Master.uexp" 18
"../../../Engine/Content/EngineMaterials/DefaultPhysicalMaterial.uasset" 19
"../../../Engine/Content/EngineMaterials/DefaultPhysicalMaterial.uexp" 20
"../../../Engine/Content/EngineMaterials/DefaultDestructiblePhysicalMaterial.uasset" 21
"../../../Engine/Content/EngineMaterials/DefaultDestructiblePhysicalMaterial.uexp" 22
"../../../Engine/Content/EngineFonts/Faces/DroidSansFallback.uexp" 23
"../../../Engine/Content/EngineFonts/Faces/DroidSansFallback.uasset" 24
"../../../Engine/Content/EngineFonts/Faces/DroidSansFallback.ufont" 25
"../../../Engine/Content/EngineFonts/Faces/RobotoBold.uexp" 26
"../../../Engine/Content/EngineFonts/Faces/RobotoBold.uasset" 27
"../../../Engine/Content/EngineFonts/Faces/RobotoBold.ufont" 28
"../../../Engine/Content/EngineFonts/Faces/RobotoBoldItalic.uexp" 29
"../../../Engine/Content/EngineFonts/Faces/RobotoBoldItalic.uasset" 30
"../../../Engine/Content/EngineFonts/Faces/RobotoBoldItalic.ufont" 31
"../../../Engine/Content/EngineFonts/Faces/RobotoItalic.uexp" 32
"../../../Engine/Content/EngineFonts/Faces/RobotoItalic.uasset" 33
"../../../Engine/Content/EngineFonts/Faces/RobotoItalic.ufont" 34
"../../../Engine/Content/EngineFonts/Faces/RobotoLight.uexp" 35
"../../../Engine/Content/EngineFonts/Faces/RobotoLight.uasset" 36
"../../../Engine/Content/EngineFonts/Faces/RobotoLight.ufont" 37
"../../../Engine/Content/EngineFonts/Faces/RobotoRegular.uexp" 38
"../../../Engine/Content/EngineFonts/Faces/RobotoRegular.uasset" 39
"../../../Engine/Content/EngineFonts/Faces/RobotoRegular.ufont" 40
"../../../Engine/Content/EngineFonts/Roboto.uasset" 41
"../../../Engine/Content/EngineFonts/Roboto.uexp" 42
"../../../Engine/Content/EngineFonts/Faces/DroidSansMono.uexp" 43
"../../../Engine/Content/EngineFonts/Faces/DroidSansMono.uasset" 44
"../../../Engine/Content/EngineFonts/Faces/DroidSansMono.ufont" 45
"../../../Engine/Content/EngineFonts/DroidSansMono.uasset" 46
"../../../Engine/Content/EngineFonts/DroidSansMono.uexp" 47
"../../../Engine/Plugins/Interchange/Runtime/Content/Pipelines/DefaultTexturePipeline.uasset" 48
"../../../Engine/Plugins/Interchange/Runtime/Content/Pipelines/DefaultTexturePipeline.uexp" 49
"../../../Engine/Plugins/Interchange/Runtime/Content/Pipelines/DefaultSceneLevelPipeline.uasset" 50
"../../../Engine/Plugins/Interchange/Runtime/Content/Pipelines/DefaultSceneLevelPipeline.uexp" 51
"../../../Engine/Plugins/Interchange/Runtime/Content/Pipelines/DefaultSceneAssetsPipeline.uasset" 52
"../../../Engine/Plugins/Interchange/Runtime/Content/Pipelines/DefaultSceneAssetsPipeline.uexp" 53
"../../../Engine/Plugins/Interchange/Runtime/Content/Pipelines/DefaultMaterialXPipeline.uasset" 54
"../../../Engine/Plugins/Interchange/Runtime/Content/Pipelines/DefaultMaterialXPipeline.uexp" 55
"../../../Engine/Plugins/Interchange/Runtime/Content/Pipelines/DefaultMaterialPipeline.uasset" 56
"../../../Engine/Plugins/Interchange/Runtime/Content/Pipelines/DefaultMaterialPipeline.uexp" 57
"../../../Engine/Plugins/Interchange/Runtime/Content/Pipelines/DefaultGLTFSceneAssetsPipeline.uasset" 58
"../../../Engine/Plugins/Interchange/Runtime/Content/Pipelines/DefaultGLTFSceneAssetsPipeline.uexp" 59
"../../../Engine/Plugins/Interchange/Runtime/Content/Pipelines/DefaultGLTFPipeline.uasset" 60
"../../../Engine/Plugins/Interchange/Runtime/Content/Pipelines/DefaultGLTFPipeline.uexp" 61
"../../../Engine/Plugins/Interchange/Runtime/Content/Pipelines/DefaultGLTFAssetsPipeline.uasset" 62
"../../../Engine/Plugins/Interchange/Runtime/Content/Pipelines/DefaultGLTFAssetsPipeline.uexp" 63
"../../../Engine/Plugins/Interchange/Runtime/Content/Pipelines/DefaultAssetsPipeline.uasset" 64
"../../../Engine/Plugins/Interchange/Runtime/Content/Pipelines/DefaultAssetsPipeline.uexp" 65
"../../../Engine/Content/MobileResources/HUD/VirtualJoystick_Thumb.uasset" 66
"../../../Engine/Content/MobileResources/HUD/VirtualJoystick_Thumb.uexp" 67
"../../../Engine/Content/MobileResources/HUD/VirtualJoystick_Background.uasset" 68
"../../../Engine/Content/MobileResources/HUD/VirtualJoystick_Background.uexp" 69
"../../../Engine/Content/MobileResources/HUD/DefaultVirtualJoysticks.uasset" 70
"../../../Engine/Content/MobileResources/HUD/DefaultVirtualJoysticks.uexp" 71
"../../../Engine/Content/EngineResources/GradientTexture0.uasset" 72
"../../../Engine/Content/EngineResources/GradientTexture0.uexp" 73
"../../../Engine/Content/EngineResources/Black.uasset" 74
"../../../Engine/Content/EngineResources/Black.uexp" 75
"../../../Engine/Content/EditorResources/S_Actor.ubulk" 76
"../../../Engine/Content/EditorResources/S_Actor.uasset" 77
"../../../Engine/Content/EditorResources/S_Actor.uexp" 78
"../../../Engine/Plugins/NNE/NNEDenoiser/Content/NNEDTOM_Output_Default.uasset" 79
"../../../Engine/Plugins/NNE/NNEDenoiser/Content/NNEDTOM_Output_Default.uexp" 80
"../../../Engine/Plugins/NNE/NNEDenoiser/Content/NNEDTOM_Output_Alpha.uasset" 81
"../../../Engine/Plugins/NNE/NNEDenoiser/Content/NNEDTOM_Output_Alpha.uexp" 82
"../../../Engine/Plugins/NNE/NNEDenoiser/Content/NNEDTIM_ColorAlbedoNormal_Default.uasset" 83
"../../../Engine/Plugins/NNE/NNEDenoiser/Content/NNEDTIM_ColorAlbedoNormal_Default.uexp" 84
"../../../Engine/Plugins/NNE/NNEDenoiser/Content/NNEDTIM_ColorAlbedoNormal_Alpha.uasset" 85
"../../../Engine/Plugins/NNE/NNEDenoiser/Content/NNEDTIM_ColorAlbedoNormal_Alpha.uexp" 86
"../../../Engine/Plugins/NNE/NNEDenoiser/Content/NNEDOM_Output_Default.uasset" 87
"../../../Engine/Plugins/NNE/NNEDenoiser/Content/NNEDOM_Output_Default.uexp" 88
"../../../Engine/Plugins/NNE/NNEDenoiser/Content/NNEDOM_Output_Alpha.uasset" 89
"../../../Engine/Plugins/NNE/NNEDenoiser/Content/NNEDOM_Output_Alpha.uexp" 90
"../../../Engine/Plugins/NNE/NNEDenoiser/Content/NNEDIM_HighQuality_Default.uasset" 91
"../../../Engine/Plugins/NNE/NNEDenoiser/Content/NNEDIM_HighQuality_Default.uexp" 92
"../../../Engine/Plugins/NNE/NNEDenoiser/Content/NNEDIM_HighQuality_Alpha.uasset" 93
"../../../Engine/Plugins/NNE/NNEDenoiser/Content/NNEDIM_HighQuality_Alpha.uexp" 94
"../../../Engine/Plugins/NNE/NNEDenoiser/Content/NNEDIM_ColorAlbedoNormal_Default.uasset" 95
"../../../Engine/Plugins/NNE/NNEDenoiser/Content/NNEDIM_ColorAlbedoNormal_Default.uexp" 96
"../../../Engine/Plugins/NNE/NNEDenoiser/Content/NNEDIM_ColorAlbedoNormal_Alpha.uasset" 97
"../../../Engine/Plugins/NNE/NNEDenoiser/Content/NNEDIM_ColorAlbedoNormal_Alpha.uexp" 98
"../../../Engine/Content/Functions/Engine_MaterialFunctions02/WorldPositionOffset/CameraOffset.uasset" 99
"../../../Engine/Content/Functions/Engine_MaterialFunctions02/WorldPositionOffset/CameraOffset.uexp" 100
"../../../Engine/Plugins/Animation/ControlRig/Content/M_Manip.uasset" 101
"../../../Engine/Plugins/Animation/ControlRig/Content/M_Manip.uexp" 102
"../../../Engine/Content/EditorLandscapeResources/WhiteSquareTexture.uasset" 103
"../../../Engine/Content/EditorLandscapeResources/WhiteSquareTexture.uexp" 104
"../../../Engine/Content/EditorLandscapeResources/LayerVisMaterial.uasset" 105
"../../../Engine/Content/EditorLandscapeResources/LayerVisMaterial.uexp" 106
"../../../Engine/Content/Functions/Engine_MaterialFunctions02/Utility/BreakOutFloat2Components.uasset" 107
"../../../Engine/Content/Functions/Engine_MaterialFunctions02/Utility/BreakOutFloat2Components.uexp" 108
"../../../Engine/Content/Functions/Engine_MaterialFunctions01/Texturing/ScaleUVsByCenter.uasset" 109
"../../../Engine/Content/Functions/Engine_MaterialFunctions01/Texturing/ScaleUVsByCenter.uexp" 110
"../../../Engine/Content/Functions/Engine_MaterialFunctions02/WorldPositionOffset/LocalPosition.uasset" 111
"../../../Engine/Content/Functions/Engine_MaterialFunctions02/WorldPositionOffset/LocalPosition.uexp" 112
"../../../Engine/Content/EngineMaterials/DefaultDiffuse.ubulk" 113
"../../../Engine/Content/EngineMaterials/DefaultDiffuse.uasset" 114
"../../../Engine/Content/EngineMaterials/DefaultDiffuse.uexp" 115
"../../../Engine/Content/Functions/Engine_MaterialFunctions01/Texturing/TextureCropping.uasset" 116
"../../../Engine/Content/Functions/Engine_MaterialFunctions01/Texturing/TextureCropping.uexp" 117
"../../../Engine/Content/Functions/Engine_MaterialFunctions02/ExampleContent/DebugNumberStrip.uasset" 118
"../../../Engine/Content/Functions/Engine_MaterialFunctions02/ExampleContent/DebugNumberStrip.uexp" 119
"../../../Engine/Content/Functions/Engine_MaterialFunctions01/Debug/DebugIntValues.uasset" 120
"../../../Engine/Content/Functions/Engine_MaterialFunctions01/Debug/DebugIntValues.uexp" 121
"../../../Engine/Content/EditorLandscapeResources/LandscapeLayerUsageMaterial.uasset" 122
"../../../Engine/Content/EditorLandscapeResources/LandscapeLayerUsageMaterial.uexp" 123
"../../../Engine/Content/EditorLandscapeResources/DefaultAlphaTexture.uasset" 124
"../../../Engine/Content/EditorLandscapeResources/DefaultAlphaTexture.uexp" 125
"../../../Engine/Content/EditorLandscapeResources/LandscapeDirtyMaterial.uasset" 126
"../../../Engine/Content/EditorLandscapeResources/LandscapeDirtyMaterial.uexp" 127
"../../../Engine/Content/BasicShapes/BasicShapeMaterial.uasset" 128
"../../../Engine/Content/BasicShapes/BasicShapeMaterial.uexp" 129
"../../../Engine/Plugins/Animation/ControlRig/Content/Controls/ControlRigXRayMaterial.uasset" 130
"../../../Engine/Plugins/Animation/ControlRig/Content/Controls/ControlRigXRayMaterial.uexp" 131
"../../../Engine/Plugins/Animation/ControlRig/Content/Controls/ControlRigGizmoMaterial.uasset" 132
"../../../Engine/Plugins/Animation/ControlRig/Content/Controls/ControlRigGizmoMaterial.uexp" 133
"../../../Engine/Content/EngineResources/DefaultTexture.ubulk" 134
"../../../Engine/Content/EngineResources/DefaultTexture.uasset" 135
"../../../Engine/Content/EngineResources/DefaultTexture.uexp" 136
"../../../Engine/Content/EngineMaterials/RemoveSurfaceMaterial.uasset" 137
"../../../Engine/Content/EngineMaterials/RemoveSurfaceMaterial.uexp" 138
"../../../Engine/Content/EngineMaterials/PreintegratedSkinBRDF.uasset" 139
"../../../Engine/Content/EngineMaterials/PreintegratedSkinBRDF.uexp" 140
"../../../Engine/Content/EngineMaterials/DefaultCalibrationGrayscale.uasset" 141
"../../../Engine/Content/EngineMaterials/DefaultCalibrationGrayscale.uexp" 142
"../../../Engine/Content/EngineMaterials/PPM_DefaultCalibrationGrayscale.uasset" 143
"../../../Engine/Content/EngineMaterials/PPM_DefaultCalibrationGrayscale.uexp" 144
"../../../Engine/Content/EngineMaterials/DefaultCalibrationColor.uasset" 145
"../../../Engine/Content/EngineMaterials/DefaultCalibrationColor.uexp" 146
"../../../Engine/Content/EngineMaterials/PPM_DefaultCalibrationColor.uasset" 147
"../../../Engine/Content/EngineMaterials/PPM_DefaultCalibrationColor.uexp" 148
"../../../Engine/Content/EngineMaterials/PhAT_JointLimitMaterial.uasset" 149
"../../../Engine/Content/EngineMaterials/PhAT_JointLimitMaterial.uexp" 150
"../../../Engine/Content/EngineMaterials/NaniteHiddenSectionMaterial.uasset" 151
"../../../Engine/Content/EngineMaterials/NaniteHiddenSectionMaterial.uexp" 152
"../../../Engine/Content/EngineMaterials/InvalidLightmapSettings.ubulk" 153
"../../../Engine/Content/EngineMaterials/InvalidLightmapSettings.uasset" 154
"../../../Engine/Content/EngineMaterials/InvalidLightmapSettings.uexp" 155
"../../../Engine/Content/EngineMaterials/M_InvalidLightmapSettings.uasset" 156
"../../../Engine/Content/EngineMaterials/M_InvalidLightmapSettings.uexp" 157
"../../../Engine/Content/EngineMaterials/MiniFont.uasset" 158
"../../../Engine/Content/EngineMaterials/MiniFont.uexp" 159
"../../../Engine/Content/EngineMaterials/GizmoMaterial.uasset" 160
"../../../Engine/Content/EngineMaterials/GizmoMaterial.uexp" 161
"../../../Engine/Content/EngineMaterials/BaseFlattenDiffuseMap_VT.ubulk" 162
"../../../Engine/Content/EngineMaterials/BaseFlattenDiffuseMap_VT.uasset" 163
"../../../Engine/Content/EngineMaterials/BaseFlattenDiffuseMap_VT.uexp" 164
"../../../Engine/Content/EngineMaterials/BaseFlattenEmissiveMap_VT.ubulk" 165
"../../../Engine/Content/EngineMaterials/BaseFlattenEmissiveMap_VT.uasset" 166
"../../../Engine/Content/EngineMaterials/BaseFlattenEmissiveMap_VT.uexp" 167
"../../../Engine/Content/EngineMaterials/BaseFlattenGrayscaleMap_VT.ubulk" 168
"../../../Engine/Content/EngineMaterials/BaseFlattenGrayscaleMap_VT.uasset" 169
"../../../Engine/Content/EngineMaterials/BaseFlattenGrayscaleMap_VT.uexp" 170
"../../../Engine/Content/EngineMaterials/BaseFlattenLinearColor_VT.ubulk" 171
"../../../Engine/Content/EngineMaterials/BaseFlattenLinearColor_VT.uasset" 172
"../../../Engine/Content/EngineMaterials/BaseFlattenLinearColor_VT.uexp" 173
"../../../Engine/Content/EngineMaterials/BaseFlattenNormalMap_VT.ubulk" 174
"../../../Engine/Content/EngineMaterials/BaseFlattenNormalMap_VT.uasset" 175
"../../../Engine/Content/EngineMaterials/BaseFlattenNormalMap_VT.uexp" 176
"../../../Engine/Content/EngineMaterials/Black_1x1_EXR_Texture_VT.ubulk" 177
"../../../Engine/Content/EngineMaterials/Black_1x1_EXR_Texture_VT.uasset" 178
"../../../Engine/Content/EngineMaterials/Black_1x1_EXR_Texture_VT.uexp" 179
"../../../Engine/Content/EngineMaterials/FlattenMaterial_WS_Normal_VT.uasset" 180
"../../../Engine/Content/EngineMaterials/FlattenMaterial_WS_Normal_VT.uexp" 181
"../../../Engine/Content/EngineMaterials/FlattenMaterial_VT.uasset" 182
"../../../Engine/Content/EngineMaterials/FlattenMaterial_VT.uexp" 183
"../../../Engine/Content/EngineMaterials/BaseFlattenNormalMap.uasset" 184
"../../../Engine/Content/EngineMaterials/BaseFlattenNormalMap.uexp" 185
"../../../Engine/Content/EngineMaterials/BaseFlattenDiffuseMap.uasset" 186
"../../../Engine/Content/EngineMaterials/BaseFlattenDiffuseMap.uexp" 187
"../../../Engine/Content/EngineMaterials/BaseFlattenEmissiveMap.uasset" 188
"../../../Engine/Content/EngineMaterials/BaseFlattenEmissiveMap.uexp" 189
"../../../Engine/Content/EngineMaterials/BaseFlattenGrayscaleMap.uasset" 190
"../../../Engine/Content/EngineMaterials/BaseFlattenGrayscaleMap.uexp" 191
"../../../Engine/Content/EngineMaterials/BaseFlattenLinearColor.uasset" 192
"../../../Engine/Content/EngineMaterials/BaseFlattenLinearColor.uexp" 193
"../../../Engine/Content/Functions/Engine_MaterialFunctions02/PivotPainter2/Black_1x1_EXR_Texture.uasset" 194
"../../../Engine/Content/Functions/Engine_MaterialFunctions02/PivotPainter2/Black_1x1_EXR_Texture.uexp" 195
"../../../Engine/Content/EngineMaterials/FlattenMaterial.uasset" 196
"../../../Engine/Content/EngineMaterials/FlattenMaterial.uexp" 197
"../../../Engine/Content/EngineMaterials/FastBlueNoise_vec2_128x128x64.uasset" 198
"../../../Engine/Content/EngineMaterials/FastBlueNoise_vec2_128x128x64.uexp" 199
"../../../Engine/Content/EngineMaterials/FastBlueNoise_scalar_128x128x8.uasset" 200
"../../../Engine/Content/EngineMaterials/FastBlueNoise_scalar_128x128x8.uexp" 201
"../../../Engine/Content/EngineMaterials/FastBlueNoise_scalar_128x128x64.uasset" 202
"../../../Engine/Content/EngineMaterials/FastBlueNoise_scalar_128x128x64.uexp" 203
"../../../Engine/Content/EngineMaterials/DefaultWhiteGrid_Low.uasset" 204
"../../../Engine/Content/EngineMaterials/DefaultWhiteGrid_Low.uexp" 205
"../../../Engine/Content/EngineMaterials/EmissiveMeshMaterial.uasset" 206
"../../../Engine/Content/EngineMaterials/EmissiveMeshMaterial.uexp" 207
"../../../Engine/Content/EngineMaterials/DefaultWhiteGrid.ubulk" 208
"../../../Engine/Content/EngineMaterials/DefaultWhiteGrid.uasset" 209
"../../../Engine/Content/EngineMaterials/DefaultWhiteGrid.uexp" 210
"../../../Engine/Content/EngineFonts/RobotoDistanceField.uasset" 211
"../../../Engine/Content/EngineFonts/RobotoDistanceField.uexp" 212
"../../../Engine/Content/EngineMaterials/DefaultTextMaterialOpaque.uasset" 213
"../../../Engine/Content/EngineMaterials/DefaultTextMaterialOpaque.uexp" 214
"../../../Engine/Content/EngineMaterials/DefaultPostProcessMaterial.uasset" 215
"../../../Engine/Content/EngineMaterials/DefaultPostProcessMaterial.uexp" 216
"../../../Engine/Content/EngineMaterials/DefaultLightFunctionMaterial.uasset" 217
"../../../Engine/Content/EngineMaterials/DefaultLightFunctionMaterial.uexp" 218
"../../../Engine/Content/EngineMaterials/DefaultDeferredDecalMaterial.uasset" 219
"../../../Engine/Content/EngineMaterials/DefaultDeferredDecalMaterial.uexp" 220
"../../../Engine/Content/EngineMaterials/DefaultBokeh.uasset" 221
"../../../Engine/Content/EngineMaterials/DefaultBokeh.uexp" 222
"../../../Engine/Content/EngineMaterials/DefaultBloomKernel.uasset" 223
"../../../Engine/Content/EngineMaterials/DefaultBloomKernel.uexp" 224
"../../../Engine/Content/Functions/Engine_MaterialFunctions02/Utility/CameraDirectionVector.uasset" 225
"../../../Engine/Content/Functions/Engine_MaterialFunctions02/Utility/CameraDirectionVector.uexp" 226
"../../../Engine/Content/EngineDebugMaterials/VolumeToRender.uasset" 227
"../../../Engine/Content/EngineDebugMaterials/VolumeToRender.uexp" 228
"../../../Engine/Content/EngineDebugMaterials/M_VolumeRenderSphereTracePP.uasset" 229
"../../../Engine/Content/EngineDebugMaterials/M_VolumeRenderSphereTracePP.uexp" 230
"../../../Engine/Content/EngineDebugMaterials/M_SimpleUnlitTranslucent.uasset" 231
"../../../Engine/Content/EngineDebugMaterials/M_SimpleUnlitTranslucent.uexp" 232
"../../../Engine/Content/EngineDebugMaterials/DebugMeshMaterial.uasset" 233
"../../../Engine/Content/EngineDebugMaterials/DebugMeshMaterial.uexp" 234
"../../../Engine/Content/EngineDebugMaterials/DebugEditorMaterial.uasset" 235
"../../../Engine/Content/EngineDebugMaterials/DebugEditorMaterial.uexp" 236
"../../../Engine/Content/EngineDamageTypes/DmgTypeBP_Environmental.uasset" 237
"../../../Engine/Content/EngineDamageTypes/DmgTypeBP_Environmental.uexp" 238
"../../../Engine/Content/EditorResources/S_TriggerSphere.uasset" 239
"../../../Engine/Content/EditorResources/S_TriggerSphere.uexp" 240
"../../../Engine/Content/EditorResources/S_TriggerCapsule.uasset" 241
"../../../Engine/Content/EditorResources/S_TriggerCapsule.uexp" 242
"../../../Engine/Content/EditorResources/S_TriggerBox.uasset" 243
"../../../Engine/Content/EditorResources/S_TriggerBox.uexp" 244
"../../../Engine/Content/EditorResources/S_Trigger.ubulk" 245
"../../../Engine/Content/EditorResources/S_Trigger.uasset" 246
"../../../Engine/Content/EditorResources/S_Trigger.uexp" 247
"../../../Engine/Content/EditorResources/S_Terrain.ubulk" 248
"../../../Engine/Content/EditorResources/S_Terrain.uasset" 249
"../../../Engine/Content/EditorResources/S_Terrain.uexp" 250
"../../../Engine/Content/EditorResources/S_Solver.ubulk" 251
"../../../Engine/Content/EditorResources/S_Solver.uasset" 252
"../../../Engine/Content/EditorResources/S_Solver.uexp" 253
"../../../Engine/Content/EditorResources/S_BoxReflectionCapture.uasset" 254
"../../../Engine/Content/EditorResources/S_BoxReflectionCapture.uexp" 255
"../../../Engine/Content/EditorResources/BSPVertex.uasset" 256
"../../../Engine/Content/EditorResources/BSPVertex.uexp" 257
"../../../Engine/Content/EditorMaterials/PreviewShadowIndicator.ubulk" 258
"../../../Engine/Content/EditorMaterials/PreviewShadowIndicator.uasset" 259
"../../../Engine/Content/EditorMaterials/PreviewShadowIndicator.uexp" 260
"../../../Engine/Content/EditorMaterials/PreviewShadowIndicatorMaterial.uasset" 261
"../../../Engine/Content/EditorMaterials/PreviewShadowIndicatorMaterial.uexp" 262
"../../../Engine/Content/EditorMaterials/PhAT_UnselectedMaterial.uasset" 263
"../../../Engine/Content/EditorMaterials/PhAT_UnselectedMaterial.uexp" 264
"../../../Engine/Content/EditorMaterials/PhAT_NoCollisionMaterial.uasset" 265
"../../../Engine/Content/EditorMaterials/PhAT_NoCollisionMaterial.uexp" 266
"C:/Users/Nate/Documents/Unreal Projects/Feature_Simonton_Nat/Content/Blueprints/InputsActions/IA_Move.uasset" 267
"C:/Users/Nate/Documents/Unreal Projects/Feature_Simonton_Nat/Content/Blueprints/InputsActions/IA_Move.uexp" 268
"C:/Users/Nate/Documents/Unreal Projects/Feature_Simonton_Nat/Content/Blueprints/InputsActions/IA_Jump.uasset" 269
"C:/Users/Nate/Documents/Unreal Projects/Feature_Simonton_Nat/Content/Blueprints/InputsActions/IA_Jump.uexp" 270
"C:/Users/Nate/Documents/Unreal Projects/Feature_Simonton_Nat/Content/Blueprints/InputsActions/IA_Crouch.uasset" 271
"C:/Users/Nate/Documents/Unreal Projects/Feature_Simonton_Nat/Content/Blueprints/InputsActions/IA_Crouch.uexp" 272
"C:/Users/Nate/Documents/Unreal Projects/Feature_Simonton_Nat/Content/Blueprints/InputsActions/IA_Attack.uasset" 273
"C:/Users/Nate/Documents/Unreal Projects/Feature_Simonton_Nat/Content/Blueprints/InputsActions/IA_Attack.uexp" 274
"C:/Users/Nate/Documents/Unreal Projects/Feature_Simonton_Nat/Content/Blueprints/InputsActions/IA_DiscardAbility.uasset" 275
"C:/Users/Nate/Documents/Unreal Projects/Feature_Simonton_Nat/Content/Blueprints/InputsActions/IA_DiscardAbility.uexp" 276
"C:/Users/Nate/Documents/Unreal Projects/Feature_Simonton_Nat/Content/Blueprints/InputsActions/IA_ResetButton.uasset" 277
"C:/Users/Nate/Documents/Unreal Projects/Feature_Simonton_Nat/Content/Blueprints/InputsActions/IA_ResetButton.uexp" 278
"C:/Users/Nate/Documents/Unreal Projects/Feature_Simonton_Nat/Content/Blueprints/InputsActions/IA_QuitGame.uasset" 279
"C:/Users/Nate/Documents/Unreal Projects/Feature_Simonton_Nat/Content/Blueprints/InputsActions/IA_QuitGame.uexp" 280
"C:/Users/Nate/Documents/Unreal Projects/Feature_Simonton_Nat/Content/Blueprints/InputsActions/IMC_Kirby.uasset" 281
"C:/Users/Nate/Documents/Unreal Projects/Feature_Simonton_Nat/Content/Blueprints/InputsActions/IMC_Kirby.uexp" 282
"C:/Users/Nate/Documents/Unreal Projects/Feature_Simonton_Nat/Content/Blueprints/BP_PlayerController.uasset" 283
"C:/Users/Nate/Documents/Unreal Projects/Feature_Simonton_Nat/Content/Blueprints/BP_PlayerController.uexp" 284
"../../../Engine/Plugins/Interchange/Assets/Content/Functions/MF_PhongToMetalRoughness.uasset" 285
"../../../Engine/Plugins/Interchange/Assets/Content/Functions/MF_PhongToMetalRoughness.uexp" 286
"C:/Users/Nate/Documents/Unreal Projects/Feature_Simonton_Nat/Content/Models/Kirby2/feet.uasset" 287
"C:/Users/Nate/Documents/Unreal Projects/Feature_Simonton_Nat/Content/Models/Kirby2/feet.uexp" 288
"C:/Users/Nate/Documents/Unreal Projects/Feature_Simonton_Nat/Content/Models/Kirby2/Material__848.uasset" 289
"C:/Users/Nate/Documents/Unreal Projects/Feature_Simonton_Nat/Content/Models/Kirby2/Material__848.uexp" 290
"C:/Users/Nate/Documents/Unreal Projects/Feature_Simonton_Nat/Content/Models/Kirby2/Material__849.uasset" 291
"C:/Users/Nate/Documents/Unreal Projects/Feature_Simonton_Nat/Content/Models/Kirby2/Material__849.uexp" 292
"C:/Users/Nate/Documents/Unreal Projects/Feature_Simonton_Nat/Content/Models/Kirby2/skin.uasset" 293
"C:/Users/Nate/Documents/Unreal Projects/Feature_Simonton_Nat/Content/Models/Kirby2/skin.uexp" 294
"C:/Users/Nate/Documents/Unreal Projects/Feature_Simonton_Nat/Content/Models/Kirby2/Material__853.uasset" 295
"C:/Users/Nate/Documents/Unreal Projects/Feature_Simonton_Nat/Content/Models/Kirby2/Material__853.uexp" 296
"C:/Users/Nate/Documents/Unreal Projects/Feature_Simonton_Nat/Content/Models/Kirby2/Material__854.uasset" 297
"C:/Users/Nate/Documents/Unreal Projects/Feature_Simonton_Nat/Content/Models/Kirby2/Material__854.uexp" 298
"C:/Users/Nate/Documents/Unreal Projects/Feature_Simonton_Nat/Content/Models/Kirby2/Material__855.uasset" 299
"C:/Users/Nate/Documents/Unreal Projects/Feature_Simonton_Nat/Content/Models/Kirby2/Material__855.uexp" 300
"C:/Users/Nate/Documents/Unreal Projects/Feature_Simonton_Nat/Content/Models/Kirby2/Material__857.uasset" 301
"C:/Users/Nate/Documents/Unreal Projects/Feature_Simonton_Nat/Content/Models/Kirby2/Material__857.uexp" 302
"C:/Users/Nate/Documents/Unreal Projects/Feature_Simonton_Nat/Content/Models/Kirby2/Material__859.uasset" 303
"C:/Users/Nate/Documents/Unreal Projects/Feature_Simonton_Nat/Content/Models/Kirby2/Material__859.uexp" 304
"C:/Users/Nate/Documents/Unreal Projects/Feature_Simonton_Nat/Content/Models/Kirby2/34B9100B_c.uasset" 305
"C:/Users/Nate/Documents/Unreal Projects/Feature_Simonton_Nat/Content/Models/Kirby2/34B9100B_c.uexp" 306
"C:/Users/Nate/Documents/Unreal Projects/Feature_Simonton_Nat/Content/Models/Kirby2/Material__860.uasset" 307
"C:/Users/Nate/Documents/Unreal Projects/Feature_Simonton_Nat/Content/Models/Kirby2/Material__860.uexp" 308
"C:/Users/Nate/Documents/Unreal Projects/Feature_Simonton_Nat/Content/Models/Kirby2/KirbyTest.ubulk" 309
"C:/Users/Nate/Documents/Unreal Projects/Feature_Simonton_Nat/Content/Models/Kirby2/KirbyTest.uasset" 310
"C:/Users/Nate/Documents/Unreal Projects/Feature_Simonton_Nat/Content/Models/Kirby2/KirbyTest.uexp" 311
"C:/Users/Nate/Documents/Unreal Projects/Feature_Simonton_Nat/Content/Blueprints/Enums/AbilityTypes.uasset" 312
"C:/Users/Nate/Documents/Unreal Projects/Feature_Simonton_Nat/Content/Blueprints/Enums/AbilityTypes.uexp" 313
"C:/Users/Nate/Documents/Unreal Projects/Feature_Simonton_Nat/Content/Blueprints/BPI_Inhalable.uasset" 314
"C:/Users/Nate/Documents/Unreal Projects/Feature_Simonton_Nat/Content/Blueprints/BPI_Inhalable.uexp" 315
"C:/Users/Nate/Documents/Unreal Projects/Feature_Simonton_Nat/Content/SoundEffects/suck.ubulk" 316
"C:/Users/Nate/Documents/Unreal Projects/Feature_Simonton_Nat/Content/SoundEffects/suck.uasset" 317
"C:/Users/Nate/Documents/Unreal Projects/Feature_Simonton_Nat/Content/SoundEffects/suck.uexp" 318
"C:/Users/Nate/Documents/Unreal Projects/Feature_Simonton_Nat/Content/SoundEffects/pop.ubulk" 319
"C:/Users/Nate/Documents/Unreal Projects/Feature_Simonton_Nat/Content/SoundEffects/pop.uasset" 320
"C:/Users/Nate/Documents/Unreal Projects/Feature_Simonton_Nat/Content/SoundEffects/pop.uexp" 321
"C:/Users/Nate/Documents/Unreal Projects/Feature_Simonton_Nat/Content/SoundEffects/kirby-sing3.ubulk" 322
"C:/Users/Nate/Documents/Unreal Projects/Feature_Simonton_Nat/Content/SoundEffects/kirby-sing3.uasset" 323
"C:/Users/Nate/Documents/Unreal Projects/Feature_Simonton_Nat/Content/SoundEffects/kirby-sing3.uexp" 324
"C:/Users/Nate/Documents/Unreal Projects/Feature_Simonton_Nat/Content/SoundEffects/kirby-sing2.ubulk" 325
"C:/Users/Nate/Documents/Unreal Projects/Feature_Simonton_Nat/Content/SoundEffects/kirby-sing2.uasset" 326
"C:/Users/Nate/Documents/Unreal Projects/Feature_Simonton_Nat/Content/SoundEffects/kirby-sing2.uexp" 327
"C:/Users/Nate/Documents/Unreal Projects/Feature_Simonton_Nat/Content/SoundEffects/kirby-sing1.ubulk" 328
"C:/Users/Nate/Documents/Unreal Projects/Feature_Simonton_Nat/Content/SoundEffects/kirby-sing1.uasset" 329
"C:/Users/Nate/Documents/Unreal Projects/Feature_Simonton_Nat/Content/SoundEffects/kirby-sing1.uexp" 330
"C:/Users/Nate/Documents/Unreal Projects/Feature_Simonton_Nat/Content/SoundEffects/hurt.ubulk" 331
"C:/Users/Nate/Documents/Unreal Projects/Feature_Simonton_Nat/Content/SoundEffects/hurt.uasset" 332
"C:/Users/Nate/Documents/Unreal Projects/Feature_Simonton_Nat/Content/SoundEffects/hurt.uexp" 333
"C:/Users/Nate/Documents/Unreal Projects/Feature_Simonton_Nat/Content/SoundEffects/hit3.ubulk" 334
"C:/Users/Nate/Documents/Unreal Projects/Feature_Simonton_Nat/Content/SoundEffects/hit3.uasset" 335
"C:/Users/Nate/Documents/Unreal Projects/Feature_Simonton_Nat/Content/SoundEffects/hit3.uexp" 336
"C:/Users/Nate/Documents/Unreal Projects/Feature_Simonton_Nat/Content/SoundEffects/burnt.ubulk" 337
"C:/Users/Nate/Documents/Unreal Projects/Feature_Simonton_Nat/Content/SoundEffects/burnt.uasset" 338
"C:/Users/Nate/Documents/Unreal Projects/Feature_Simonton_Nat/Content/SoundEffects/burnt.uexp" 339
"C:/Users/Nate/Documents/Unreal Projects/Feature_Simonton_Nat/Content/SoundEffects/ability-gain.ubulk" 340
"C:/Users/Nate/Documents/Unreal Projects/Feature_Simonton_Nat/Content/SoundEffects/ability-gain.uasset" 341
"C:/Users/Nate/Documents/Unreal Projects/Feature_Simonton_Nat/Content/SoundEffects/ability-gain.uexp" 342
"C:/Users/Nate/Documents/Unreal Projects/Feature_Simonton_Nat/Content/SoundEffects/ability-dispose.ubulk" 343
"C:/Users/Nate/Documents/Unreal Projects/Feature_Simonton_Nat/Content/SoundEffects/ability-dispose.uasset" 344
"C:/Users/Nate/Documents/Unreal Projects/Feature_Simonton_Nat/Content/SoundEffects/ability-dispose.uexp" 345
"C:/Users/Nate/Documents/Unreal Projects/Feature_Simonton_Nat/Content/Blueprints/ActorComponents/AC_InhalableComponent.uasset" 346
"C:/Users/Nate/Documents/Unreal Projects/Feature_Simonton_Nat/Content/Blueprints/ActorComponents/AC_InhalableComponent.uexp" 347
"C:/Users/Nate/Documents/Unreal Projects/Feature_Simonton_Nat/Content/Blueprints/ActorComponents/AC_DamageableComponent.uasset" 348
"C:/Users/Nate/Documents/Unreal Projects/Feature_Simonton_Nat/Content/Blueprints/ActorComponents/AC_DamageableComponent.uexp" 349
"C:/Users/Nate/Documents/Unreal Projects/Feature_Simonton_Nat/Content/Models/KirbyCrouch/feet.uasset" 350
"C:/Users/Nate/Documents/Unreal Projects/Feature_Simonton_Nat/Content/Models/KirbyCrouch/feet.uexp" 351
"C:/Users/Nate/Documents/Unreal Projects/Feature_Simonton_Nat/Content/Models/KirbyCrouch/Material__848.uasset" 352
"C:/Users/Nate/Documents/Unreal Projects/Feature_Simonton_Nat/Content/Models/KirbyCrouch/Material__848.uexp" 353
"C:/Users/Nate/Documents/Unreal Projects/Feature_Simonton_Nat/Content/Models/KirbyCrouch/Material__849.uasset" 354
"C:/Users/Nate/Documents/Unreal Projects/Feature_Simonton_Nat/Content/Models/KirbyCrouch/Material__849.uexp" 355
"C:/Users/Nate/Documents/Unreal Projects/Feature_Simonton_Nat/Content/Models/KirbyCrouch/skin.uasset" 356
"C:/Users/Nate/Documents/Unreal Projects/Feature_Simonton_Nat/Content/Models/KirbyCrouch/skin.uexp" 357
"C:/Users/Nate/Documents/Unreal Projects/Feature_Simonton_Nat/Content/Models/KirbyCrouch/Material__853.uasset" 358
"C:/Users/Nate/Documents/Unreal Projects/Feature_Simonton_Nat/Content/Models/KirbyCrouch/Material__853.uexp" 359
"C:/Users/Nate/Documents/Unreal Projects/Feature_Simonton_Nat/Content/Models/KirbyCrouch/Material__854.uasset" 360
"C:/Users/Nate/Documents/Unreal Projects/Feature_Simonton_Nat/Content/Models/KirbyCrouch/Material__854.uexp" 361
"C:/Users/Nate/Documents/Unreal Projects/Feature_Simonton_Nat/Content/Models/KirbyCrouch/Material__855.uasset" 362
"C:/Users/Nate/Documents/Unreal Projects/Feature_Simonton_Nat/Content/Models/KirbyCrouch/Material__855.uexp" 363
"C:/Users/Nate/Documents/Unreal Projects/Feature_Simonton_Nat/Content/Models/KirbyCrouch/Material__857.uasset" 364
"C:/Users/Nate/Documents/Unreal Projects/Feature_Simonton_Nat/Content/Models/KirbyCrouch/Material__857.uexp" 365
"C:/Users/Nate/Documents/Unreal Projects/Feature_Simonton_Nat/Content/Models/KirbyCrouch/Material__859.uasset" 366
"C:/Users/Nate/Documents/Unreal Projects/Feature_Simonton_Nat/Content/Models/KirbyCrouch/Material__859.uexp" 367
"C:/Users/Nate/Documents/Unreal Projects/Feature_Simonton_Nat/Content/Models/KirbyCrouch/34B9100B_c.uasset" 368
"C:/Users/Nate/Documents/Unreal Projects/Feature_Simonton_Nat/Content/Models/KirbyCrouch/34B9100B_c.uexp" 369
"C:/Users/Nate/Documents/Unreal Projects/Feature_Simonton_Nat/Content/Models/KirbyCrouch/Material__860.uasset" 370
"C:/Users/Nate/Documents/Unreal Projects/Feature_Simonton_Nat/Content/Models/KirbyCrouch/Material__860.uexp" 371
"C:/Users/Nate/Documents/Unreal Projects/Feature_Simonton_Nat/Content/Models/KirbyCrouch/KirbyTestCrouch.ubulk" 372
"C:/Users/Nate/Documents/Unreal Projects/Feature_Simonton_Nat/Content/Models/KirbyCrouch/KirbyTestCrouch.uasset" 373
"C:/Users/Nate/Documents/Unreal Projects/Feature_Simonton_Nat/Content/Models/KirbyCrouch/KirbyTestCrouch.uexp" 374
"C:/Users/Nate/Documents/Unreal Projects/Feature_Simonton_Nat/Content/SoundEffects/block-destroy.ubulk" 375
"C:/Users/Nate/Documents/Unreal Projects/Feature_Simonton_Nat/Content/SoundEffects/block-destroy.uasset" 376
"C:/Users/Nate/Documents/Unreal Projects/Feature_Simonton_Nat/Content/SoundEffects/block-destroy.uexp" 377
"C:/Users/Nate/Documents/Unreal Projects/Feature_Simonton_Nat/Content/Blueprints/Enemies/BP_BaseEnemy.uasset" 378
"C:/Users/Nate/Documents/Unreal Projects/Feature_Simonton_Nat/Content/Blueprints/Enemies/BP_BaseEnemy.uexp" 379
"C:/Users/Nate/Documents/Unreal Projects/Feature_Simonton_Nat/Content/Blueprints/Projectiles/BP_BaseProjectile.uasset" 380
"C:/Users/Nate/Documents/Unreal Projects/Feature_Simonton_Nat/Content/Blueprints/Projectiles/BP_BaseProjectile.uexp" 381
"C:/Users/Nate/Documents/Unreal Projects/Feature_Simonton_Nat/Content/Blueprints/Projectiles/BP_Mike_Stage3.uasset" 382
"C:/Users/Nate/Documents/Unreal Projects/Feature_Simonton_Nat/Content/Blueprints/Projectiles/BP_Mike_Stage3.uexp" 383
"C:/Users/Nate/Documents/Unreal Projects/Feature_Simonton_Nat/Content/Blueprints/Projectiles/BP_Mike_Stage2.uasset" 384
"C:/Users/Nate/Documents/Unreal Projects/Feature_Simonton_Nat/Content/Blueprints/Projectiles/BP_Mike_Stage2.uexp" 385
"C:/Users/Nate/Documents/Unreal Projects/Feature_Simonton_Nat/Content/Blueprints/Projectiles/BP_Mike_Stage1.uasset" 386
"C:/Users/Nate/Documents/Unreal Projects/Feature_Simonton_Nat/Content/Blueprints/Projectiles/BP_Mike_Stage1.uexp" 387
"C:/Users/Nate/Documents/Unreal Projects/Feature_Simonton_Nat/Content/Models/IceProjectile/FeatureProjectKirbyIceBreath_standardSurface1_OcclusionRoughnessMetallic.ubulk" 388
"C:/Users/Nate/Documents/Unreal Projects/Feature_Simonton_Nat/Content/Models/IceProjectile/FeatureProjectKirbyIceBreath_standardSurface1_OcclusionRoughnessMetallic.uasset" 389
"C:/Users/Nate/Documents/Unreal Projects/Feature_Simonton_Nat/Content/Models/IceProjectile/FeatureProjectKirbyIceBreath_standardSurface1_OcclusionRoughnessMetallic.uexp" 390
"C:/Users/Nate/Documents/Unreal Projects/Feature_Simonton_Nat/Content/Models/IceProjectile/FeatureProjectKirbyIceBreath_standardSurface1_Normal.ubulk" 391
"C:/Users/Nate/Documents/Unreal Projects/Feature_Simonton_Nat/Content/Models/IceProjectile/FeatureProjectKirbyIceBreath_standardSurface1_Normal.uasset" 392
"C:/Users/Nate/Documents/Unreal Projects/Feature_Simonton_Nat/Content/Models/IceProjectile/FeatureProjectKirbyIceBreath_standardSurface1_Normal.uexp" 393
"C:/Users/Nate/Documents/Unreal Projects/Feature_Simonton_Nat/Content/Models/IceProjectile/FeatureProjectKirbyIceBreath_standardSurface1_Emissive.ubulk" 394
"C:/Users/Nate/Documents/Unreal Projects/Feature_Simonton_Nat/Content/Models/IceProjectile/FeatureProjectKirbyIceBreath_standardSurface1_Emissive.uasset" 395
"C:/Users/Nate/Documents/Unreal Projects/Feature_Simonton_Nat/Content/Models/IceProjectile/FeatureProjectKirbyIceBreath_standardSurface1_Emissive.uexp" 396
"C:/Users/Nate/Documents/Unreal Projects/Feature_Simonton_Nat/Content/Models/IceProjectile/FeatureProjectKirbyIceBreath_standardSurface1_BaseColor.ubulk" 397
"C:/Users/Nate/Documents/Unreal Projects/Feature_Simonton_Nat/Content/Models/IceProjectile/FeatureProjectKirbyIceBreath_standardSurface1_BaseColor.uasset" 398
"C:/Users/Nate/Documents/Unreal Projects/Feature_Simonton_Nat/Content/Models/IceProjectile/FeatureProjectKirbyIceBreath_standardSurface1_BaseColor.uexp" 399
"C:/Users/Nate/Documents/Unreal Projects/Feature_Simonton_Nat/Content/Models/IceProjectile/standardSurface1.uasset" 400
"C:/Users/Nate/Documents/Unreal Projects/Feature_Simonton_Nat/Content/Models/IceProjectile/standardSurface1.uexp" 401
"C:/Users/Nate/Documents/Unreal Projects/Feature_Simonton_Nat/Content/Models/IceProjectile/FeatureProjectKirbyIceBreath.ubulk" 402
"C:/Users/Nate/Documents/Unreal Projects/Feature_Simonton_Nat/Content/Models/IceProjectile/FeatureProjectKirbyIceBreath.uasset" 403
"C:/Users/Nate/Documents/Unreal Projects/Feature_Simonton_Nat/Content/Models/IceProjectile/FeatureProjectKirbyIceBreath.uexp" 404
"C:/Users/Nate/Documents/Unreal Projects/Feature_Simonton_Nat/Content/Blueprints/Projectiles/BP_IceProjectile.uasset" 405
"C:/Users/Nate/Documents/Unreal Projects/Feature_Simonton_Nat/Content/Blueprints/Projectiles/BP_IceProjectile.uexp" 406
"C:/Users/Nate/Documents/Unreal Projects/Feature_Simonton_Nat/Content/Models/FireProjectile/FeatureProjectKirbyFireBreath_standardSurface1_OcclusionRoughnessMetallic.ubulk" 407
"C:/Users/Nate/Documents/Unreal Projects/Feature_Simonton_Nat/Content/Models/FireProjectile/FeatureProjectKirbyFireBreath_standardSurface1_OcclusionRoughnessMetallic.uasset" 408
"C:/Users/Nate/Documents/Unreal Projects/Feature_Simonton_Nat/Content/Models/FireProjectile/FeatureProjectKirbyFireBreath_standardSurface1_OcclusionRoughnessMetallic.uexp" 409
"C:/Users/Nate/Documents/Unreal Projects/Feature_Simonton_Nat/Content/Models/FireProjectile/FeatureProjectKirbyFireBreath_standardSurface1_Normal.ubulk" 410
"C:/Users/Nate/Documents/Unreal Projects/Feature_Simonton_Nat/Content/Models/FireProjectile/FeatureProjectKirbyFireBreath_standardSurface1_Normal.uasset" 411
"C:/Users/Nate/Documents/Unreal Projects/Feature_Simonton_Nat/Content/Models/FireProjectile/FeatureProjectKirbyFireBreath_standardSurface1_Normal.uexp" 412
"C:/Users/Nate/Documents/Unreal Projects/Feature_Simonton_Nat/Content/Models/FireProjectile/FeatureProjectKirbyFireBreath_standardSurface1_Emissive.ubulk" 413
"C:/Users/Nate/Documents/Unreal Projects/Feature_Simonton_Nat/Content/Models/FireProjectile/FeatureProjectKirbyFireBreath_standardSurface1_Emissive.uasset" 414
"C:/Users/Nate/Documents/Unreal Projects/Feature_Simonton_Nat/Content/Models/FireProjectile/FeatureProjectKirbyFireBreath_standardSurface1_Emissive.uexp" 415
"C:/Users/Nate/Documents/Unreal Projects/Feature_Simonton_Nat/Content/Models/FireProjectile/FeatureProjectKirbyFireBreath_standardSurface1_BaseColor.ubulk" 416
"C:/Users/Nate/Documents/Unreal Projects/Feature_Simonton_Nat/Content/Models/FireProjectile/FeatureProjectKirbyFireBreath_standardSurface1_BaseColor.uasset" 417
"C:/Users/Nate/Documents/Unreal Projects/Feature_Simonton_Nat/Content/Models/FireProjectile/FeatureProjectKirbyFireBreath_standardSurface1_BaseColor.uexp" 418
"C:/Users/Nate/Documents/Unreal Projects/Feature_Simonton_Nat/Content/Models/FireProjectile/standardSurface1.uasset" 419
"C:/Users/Nate/Documents/Unreal Projects/Feature_Simonton_Nat/Content/Models/FireProjectile/standardSurface1.uexp" 420
"C:/Users/Nate/Documents/Unreal Projects/Feature_Simonton_Nat/Content/Models/FireProjectile/FeatureProjectKirbyFireBreath.ubulk" 421
"C:/Users/Nate/Documents/Unreal Projects/Feature_Simonton_Nat/Content/Models/FireProjectile/FeatureProjectKirbyFireBreath.uasset" 422
"C:/Users/Nate/Documents/Unreal Projects/Feature_Simonton_Nat/Content/Models/FireProjectile/FeatureProjectKirbyFireBreath.uexp" 423
"C:/Users/Nate/Documents/Unreal Projects/Feature_Simonton_Nat/Content/Blueprints/Projectiles/BP_FireProjectile.uasset" 424
"C:/Users/Nate/Documents/Unreal Projects/Feature_Simonton_Nat/Content/Blueprints/Projectiles/BP_FireProjectile.uexp" 425
"C:/Users/Nate/Documents/Unreal Projects/Feature_Simonton_Nat/Content/Models/FullMouthKirby/feet.uasset" 426
"C:/Users/Nate/Documents/Unreal Projects/Feature_Simonton_Nat/Content/Models/FullMouthKirby/feet.uexp" 427
"C:/Users/Nate/Documents/Unreal Projects/Feature_Simonton_Nat/Content/Models/FullMouthKirby/Material__848.uasset" 428
"C:/Users/Nate/Documents/Unreal Projects/Feature_Simonton_Nat/Content/Models/FullMouthKirby/Material__848.uexp" 429
"C:/Users/Nate/Documents/Unreal Projects/Feature_Simonton_Nat/Content/Models/FullMouthKirby/Material__849.uasset" 430
"C:/Users/Nate/Documents/Unreal Projects/Feature_Simonton_Nat/Content/Models/FullMouthKirby/Material__849.uexp" 431
"C:/Users/Nate/Documents/Unreal Projects/Feature_Simonton_Nat/Content/Models/FullMouthKirby/skin.uasset" 432
"C:/Users/Nate/Documents/Unreal Projects/Feature_Simonton_Nat/Content/Models/FullMouthKirby/skin.uexp" 433
"C:/Users/Nate/Documents/Unreal Projects/Feature_Simonton_Nat/Content/Models/FullMouthKirby/Material__853.uasset" 434
"C:/Users/Nate/Documents/Unreal Projects/Feature_Simonton_Nat/Content/Models/FullMouthKirby/Material__853.uexp" 435
"C:/Users/Nate/Documents/Unreal Projects/Feature_Simonton_Nat/Content/Models/FullMouthKirby/Material__854.uasset" 436
"C:/Users/Nate/Documents/Unreal Projects/Feature_Simonton_Nat/Content/Models/FullMouthKirby/Material__854.uexp" 437
"C:/Users/Nate/Documents/Unreal Projects/Feature_Simonton_Nat/Content/Models/FullMouthKirby/Material__855.uasset" 438
"C:/Users/Nate/Documents/Unreal Projects/Feature_Simonton_Nat/Content/Models/FullMouthKirby/Material__855.uexp" 439
"C:/Users/Nate/Documents/Unreal Projects/Feature_Simonton_Nat/Content/Models/FullMouthKirby/Material__857.uasset" 440
"C:/Users/Nate/Documents/Unreal Projects/Feature_Simonton_Nat/Content/Models/FullMouthKirby/Material__857.uexp" 441
"C:/Users/Nate/Documents/Unreal Projects/Feature_Simonton_Nat/Content/Models/FullMouthKirby/Material__859.uasset" 442
"C:/Users/Nate/Documents/Unreal Projects/Feature_Simonton_Nat/Content/Models/FullMouthKirby/Material__859.uexp" 443
"C:/Users/Nate/Documents/Unreal Projects/Feature_Simonton_Nat/Content/Models/FullMouthKirby/34B9100B_c.uasset" 444
"C:/Users/Nate/Documents/Unreal Projects/Feature_Simonton_Nat/Content/Models/FullMouthKirby/34B9100B_c.uexp" 445
"C:/Users/Nate/Documents/Unreal Projects/Feature_Simonton_Nat/Content/Models/FullMouthKirby/Material__860.uasset" 446
"C:/Users/Nate/Documents/Unreal Projects/Feature_Simonton_Nat/Content/Models/FullMouthKirby/Material__860.uexp" 447
"C:/Users/Nate/Documents/Unreal Projects/Feature_Simonton_Nat/Content/Models/FullMouthKirby/Kirby64AlteredKirbyFullMouth.ubulk" 448
"C:/Users/Nate/Documents/Unreal Projects/Feature_Simonton_Nat/Content/Models/FullMouthKirby/Kirby64AlteredKirbyFullMouth.uasset" 449
"C:/Users/Nate/Documents/Unreal Projects/Feature_Simonton_Nat/Content/Models/FullMouthKirby/Kirby64AlteredKirbyFullMouth.uexp" 450
"C:/Users/Nate/Documents/Unreal Projects/Feature_Simonton_Nat/Content/Models/MikeKirby/feet.uasset" 451
"C:/Users/Nate/Documents/Unreal Projects/Feature_Simonton_Nat/Content/Models/MikeKirby/feet.uexp" 452
"C:/Users/Nate/Documents/Unreal Projects/Feature_Simonton_Nat/Content/Models/MikeKirby/Material__848.uasset" 453
"C:/Users/Nate/Documents/Unreal Projects/Feature_Simonton_Nat/Content/Models/MikeKirby/Material__848.uexp" 454
"C:/Users/Nate/Documents/Unreal Projects/Feature_Simonton_Nat/Content/Models/MikeKirby/Material__849.uasset" 455
"C:/Users/Nate/Documents/Unreal Projects/Feature_Simonton_Nat/Content/Models/MikeKirby/Material__849.uexp" 456
"C:/Users/Nate/Documents/Unreal Projects/Feature_Simonton_Nat/Content/Models/MikeKirby/skin.uasset" 457
"C:/Users/Nate/Documents/Unreal Projects/Feature_Simonton_Nat/Content/Models/MikeKirby/skin.uexp" 458
"C:/Users/Nate/Documents/Unreal Projects/Feature_Simonton_Nat/Content/Models/MikeKirby/Material__853.uasset" 459
"C:/Users/Nate/Documents/Unreal Projects/Feature_Simonton_Nat/Content/Models/MikeKirby/Material__853.uexp" 460
"C:/Users/Nate/Documents/Unreal Projects/Feature_Simonton_Nat/Content/Models/MikeKirby/Material__854.uasset" 461
"C:/Users/Nate/Documents/Unreal Projects/Feature_Simonton_Nat/Content/Models/MikeKirby/Material__854.uexp" 462
"C:/Users/Nate/Documents/Unreal Projects/Feature_Simonton_Nat/Content/Models/MikeKirby/Material__855.uasset" 463
"C:/Users/Nate/Documents/Unreal Projects/Feature_Simonton_Nat/Content/Models/MikeKirby/Material__855.uexp" 464
"C:/Users/Nate/Documents/Unreal Projects/Feature_Simonton_Nat/Content/Models/MikeKirby/Material__857.uasset" 465
"C:/Users/Nate/Documents/Unreal Projects/Feature_Simonton_Nat/Content/Models/MikeKirby/Material__857.uexp" 466
"C:/Users/Nate/Documents/Unreal Projects/Feature_Simonton_Nat/Content/Models/MikeKirby/Material__859.uasset" 467
"C:/Users/Nate/Documents/Unreal Projects/Feature_Simonton_Nat/Content/Models/MikeKirby/Material__859.uexp" 468
"C:/Users/Nate/Documents/Unreal Projects/Feature_Simonton_Nat/Content/Models/MikeKirby/34B9100B_c.uasset" 469
"C:/Users/Nate/Documents/Unreal Projects/Feature_Simonton_Nat/Content/Models/MikeKirby/34B9100B_c.uexp" 470
"C:/Users/Nate/Documents/Unreal Projects/Feature_Simonton_Nat/Content/Models/MikeKirby/Material__860.uasset" 471
"C:/Users/Nate/Documents/Unreal Projects/Feature_Simonton_Nat/Content/Models/MikeKirby/Material__860.uexp" 472
"C:/Users/Nate/Documents/Unreal Projects/Feature_Simonton_Nat/Content/Models/MikeKirby/Texture_1_CMP.ubulk" 473
"C:/Users/Nate/Documents/Unreal Projects/Feature_Simonton_Nat/Content/Models/MikeKirby/Texture_1_CMP.uasset" 474
"C:/Users/Nate/Documents/Unreal Projects/Feature_Simonton_Nat/Content/Models/MikeKirby/Texture_1_CMP.uexp" 475
"C:/Users/Nate/Documents/Unreal Projects/Feature_Simonton_Nat/Content/Models/MikeKirby/Joint_1_Object_5_Material_6.uasset" 476
"C:/Users/Nate/Documents/Unreal Projects/Feature_Simonton_Nat/Content/Models/MikeKirby/Joint_1_Object_5_Material_6.uexp" 477
"C:/Users/Nate/Documents/Unreal Projects/Feature_Simonton_Nat/Content/Models/MikeKirby/Joint_1_Object_4_Material_5.uasset" 478
"C:/Users/Nate/Documents/Unreal Projects/Feature_Simonton_Nat/Content/Models/MikeKirby/Joint_1_Object_4_Material_5.uexp" 479
"C:/Users/Nate/Documents/Unreal Projects/Feature_Simonton_Nat/Content/Models/MikeKirby/Joint_1_Object_3_Material_4.uasset" 480
"C:/Users/Nate/Documents/Unreal Projects/Feature_Simonton_Nat/Content/Models/MikeKirby/Joint_1_Object_3_Material_4.uexp" 481
"C:/Users/Nate/Documents/Unreal Projects/Feature_Simonton_Nat/Content/Models/MikeKirby/Texture_0_CMP.uasset" 482
"C:/Users/Nate/Documents/Unreal Projects/Feature_Simonton_Nat/Content/Models/MikeKirby/Texture_0_CMP.uexp" 483
"C:/Users/Nate/Documents/Unreal Projects/Feature_Simonton_Nat/Content/Models/MikeKirby/Joint_1_Object_2_Material_3.uasset" 484
"C:/Users/Nate/Documents/Unreal Projects/Feature_Simonton_Nat/Content/Models/MikeKirby/Joint_1_Object_2_Material_3.uexp" 485
"C:/Users/Nate/Documents/Unreal Projects/Feature_Simonton_Nat/Content/Models/MikeKirby/Joint_1_Object_1_Material_2.uasset" 486
"C:/Users/Nate/Documents/Unreal Projects/Feature_Simonton_Nat/Content/Models/MikeKirby/Joint_1_Object_1_Material_2.uexp" 487
"C:/Users/Nate/Documents/Unreal Projects/Feature_Simonton_Nat/Content/Models/MikeKirby/Joint_1_Object_0_Material_1.uasset" 488
"C:/Users/Nate/Documents/Unreal Projects/Feature_Simonton_Nat/Content/Models/MikeKirby/Joint_1_Object_0_Material_1.uexp" 489
"C:/Users/Nate/Documents/Unreal Projects/Feature_Simonton_Nat/Content/Models/MikeKirby/KirbyTestWithMikeHat.ubulk" 490
"C:/Users/Nate/Documents/Unreal Projects/Feature_Simonton_Nat/Content/Models/MikeKirby/KirbyTestWithMikeHat.uasset" 491
"C:/Users/Nate/Documents/Unreal Projects/Feature_Simonton_Nat/Content/Models/MikeKirby/KirbyTestWithMikeHat.uexp" 492
"C:/Users/Nate/Documents/Unreal Projects/Feature_Simonton_Nat/Content/Models/FireKirby/feet.uasset" 493
"C:/Users/Nate/Documents/Unreal Projects/Feature_Simonton_Nat/Content/Models/FireKirby/feet.uexp" 494
"C:/Users/Nate/Documents/Unreal Projects/Feature_Simonton_Nat/Content/Models/FireKirby/Material__848.uasset" 495
"C:/Users/Nate/Documents/Unreal Projects/Feature_Simonton_Nat/Content/Models/FireKirby/Material__848.uexp" 496
"C:/Users/Nate/Documents/Unreal Projects/Feature_Simonton_Nat/Content/Models/FireKirby/Material__849.uasset" 497
"C:/Users/Nate/Documents/Unreal Projects/Feature_Simonton_Nat/Content/Models/FireKirby/Material__849.uexp" 498
"C:/Users/Nate/Documents/Unreal Projects/Feature_Simonton_Nat/Content/Models/FireKirby/skin.uasset" 499
"C:/Users/Nate/Documents/Unreal Projects/Feature_Simonton_Nat/Content/Models/FireKirby/skin.uexp" 500
"C:/Users/Nate/Documents/Unreal Projects/Feature_Simonton_Nat/Content/Models/FireKirby/Material__853.uasset" 501
"C:/Users/Nate/Documents/Unreal Projects/Feature_Simonton_Nat/Content/Models/FireKirby/Material__853.uexp" 502
"C:/Users/Nate/Documents/Unreal Projects/Feature_Simonton_Nat/Content/Models/FireKirby/Material__854.uasset" 503
"C:/Users/Nate/Documents/Unreal Projects/Feature_Simonton_Nat/Content/Models/FireKirby/Material__854.uexp" 504
"C:/Users/Nate/Documents/Unreal Projects/Feature_Simonton_Nat/Content/Models/FireKirby/Material__855.uasset" 505
"C:/Users/Nate/Documents/Unreal Projects/Feature_Simonton_Nat/Content/Models/FireKirby/Material__855.uexp" 506
"C:/Users/Nate/Documents/Unreal Projects/Feature_Simonton_Nat/Content/Models/FireKirby/Material__857.uasset" 507
"C:/Users/Nate/Documents/Unreal Projects/Feature_Simonton_Nat/Content/Models/FireKirby/Material__857.uexp" 508
"C:/Users/Nate/Documents/Unreal Projects/Feature_Simonton_Nat/Content/Models/FireKirby/Material__859.uasset" 509
"C:/Users/Nate/Documents/Unreal Projects/Feature_Simonton_Nat/Content/Models/FireKirby/Material__859.uexp" 510
"C:/Users/Nate/Documents/Unreal Projects/Feature_Simonton_Nat/Content/Models/FireKirby/34B9100B_c.uasset" 511
"C:/Users/Nate/Documents/Unreal Projects/Feature_Simonton_Nat/Content/Models/FireKirby/34B9100B_c.uexp" 512
"C:/Users/Nate/Documents/Unreal Projects/Feature_Simonton_Nat/Content/Models/FireKirby/Material__860.uasset" 513
"C:/Users/Nate/Documents/Unreal Projects/Feature_Simonton_Nat/Content/Models/FireKirby/Material__860.uexp" 514
"C:/Users/Nate/Documents/Unreal Projects/Feature_Simonton_Nat/Content/Models/FireKirby/Texture_1_CMP.uasset" 515
"C:/Users/Nate/Documents/Unreal Projects/Feature_Simonton_Nat/Content/Models/FireKirby/Texture_1_CMP.uexp" 516
"C:/Users/Nate/Documents/Unreal Projects/Feature_Simonton_Nat/Content/Models/FireKirby/Joint_0_Object_8_Material_9.uasset" 517
"C:/Users/Nate/Documents/Unreal Projects/Feature_Simonton_Nat/Content/Models/FireKirby/Joint_0_Object_8_Material_9.uexp" 518
"C:/Users/Nate/Documents/Unreal Projects/Feature_Simonton_Nat/Content/Models/FireKirby/Texture_2_CMP.uasset" 519
"C:/Users/Nate/Documents/Unreal Projects/Feature_Simonton_Nat/Content/Models/FireKirby/Texture_2_CMP.uexp" 520
"C:/Users/Nate/Documents/Unreal Projects/Feature_Simonton_Nat/Content/Models/FireKirby/Joint_0_Object_7_Material_8.uasset" 521
"C:/Users/Nate/Documents/Unreal Projects/Feature_Simonton_Nat/Content/Models/FireKirby/Joint_0_Object_7_Material_8.uexp" 522
"C:/Users/Nate/Documents/Unreal Projects/Feature_Simonton_Nat/Content/Models/FireKirby/Joint_0_Object_6_Material_7.uasset" 523
"C:/Users/Nate/Documents/Unreal Projects/Feature_Simonton_Nat/Content/Models/FireKirby/Joint_0_Object_6_Material_7.uexp" 524
"C:/Users/Nate/Documents/Unreal Projects/Feature_Simonton_Nat/Content/Models/FireKirby/Joint_0_Object_5_Material_6.uasset" 525
"C:/Users/Nate/Documents/Unreal Projects/Feature_Simonton_Nat/Content/Models/FireKirby/Joint_0_Object_5_Material_6.uexp" 526
"C:/Users/Nate/Documents/Unreal Projects/Feature_Simonton_Nat/Content/Models/FireKirby/Texture_0_CMP.uasset" 527
"C:/Users/Nate/Documents/Unreal Projects/Feature_Simonton_Nat/Content/Models/FireKirby/Texture_0_CMP.uexp" 528
"C:/Users/Nate/Documents/Unreal Projects/Feature_Simonton_Nat/Content/Models/FireKirby/Joint_0_Object_0_Material_1.uasset" 529
"C:/Users/Nate/Documents/Unreal Projects/Feature_Simonton_Nat/Content/Models/FireKirby/Joint_0_Object_0_Material_1.uexp" 530
"C:/Users/Nate/Documents/Unreal Projects/Feature_Simonton_Nat/Content/Models/FireKirby/Joint_0_Object_1_Material_2.uasset" 531
"C:/Users/Nate/Documents/Unreal Projects/Feature_Simonton_Nat/Content/Models/FireKirby/Joint_0_Object_1_Material_2.uexp" 532
"C:/Users/Nate/Documents/Unreal Projects/Feature_Simonton_Nat/Content/Models/FireKirby/Joint_0_Object_2_Material_3.uasset" 533
"C:/Users/Nate/Documents/Unreal Projects/Feature_Simonton_Nat/Content/Models/FireKirby/Joint_0_Object_2_Material_3.uexp" 534
"C:/Users/Nate/Documents/Unreal Projects/Feature_Simonton_Nat/Content/Models/FireKirby/Joint_0_Object_3_Material_4.uasset" 535
"C:/Users/Nate/Documents/Unreal Projects/Feature_Simonton_Nat/Content/Models/FireKirby/Joint_0_Object_3_Material_4.uexp" 536
"C:/Users/Nate/Documents/Unreal Projects/Feature_Simonton_Nat/Content/Models/FireKirby/Joint_0_Object_4_Material_5.uasset" 537
"C:/Users/Nate/Documents/Unreal Projects/Feature_Simonton_Nat/Content/Models/FireKirby/Joint_0_Object_4_Material_5.uexp" 538
"C:/Users/Nate/Documents/Unreal Projects/Feature_Simonton_Nat/Content/Models/FireKirby/KirbyTestWithFireHat.ubulk" 539
"C:/Users/Nate/Documents/Unreal Projects/Feature_Simonton_Nat/Content/Models/FireKirby/KirbyTestWithFireHat.uasset" 540
"C:/Users/Nate/Documents/Unreal Projects/Feature_Simonton_Nat/Content/Models/FireKirby/KirbyTestWithFireHat.uexp" 541
"C:/Users/Nate/Documents/Unreal Projects/Feature_Simonton_Nat/Content/Blueprints/BP_Kirby.uasset" 542
"C:/Users/Nate/Documents/Unreal Projects/Feature_Simonton_Nat/Content/Blueprints/BP_Kirby.uexp" 543
"C:/Users/Nate/Documents/Unreal Projects/Feature_Simonton_Nat/Content/Blueprints/BP_GameMode.uasset" 544
"C:/Users/Nate/Documents/Unreal Projects/Feature_Simonton_Nat/Content/Blueprints/BP_GameMode.uexp" 545
"../../../Engine/Plugins/VirtualProduction/CameraCalibrationCore/Content/Materials/M_DefaultOddSquare.uasset" 546
"../../../Engine/Plugins/VirtualProduction/CameraCalibrationCore/Content/Materials/M_DefaultOddSquare.uexp" 547
"../../../Engine/Plugins/VirtualProduction/CameraCalibrationCore/Content/Materials/M_DefaultEvenSquare.uasset" 548
"../../../Engine/Plugins/VirtualProduction/CameraCalibrationCore/Content/Materials/M_DefaultEvenSquare.uexp" 549
"../../../Engine/Plugins/Runtime/HairStrands/Content/Materials/HairMeshesDefaultMaterial.uasset" 550
"../../../Engine/Plugins/Runtime/HairStrands/Content/Materials/HairMeshesDefaultMaterial.uexp" 551
"../../../Engine/Plugins/Runtime/HairStrands/Content/Materials/HairDefaultMaterial.uasset" 552
"../../../Engine/Plugins/Runtime/HairStrands/Content/Materials/HairDefaultMaterial.uexp" 553
"../../../Engine/Content/Functions/Engine_MaterialFunctions02/Utility/MakeFloat2.uasset" 554
"../../../Engine/Content/Functions/Engine_MaterialFunctions02/Utility/MakeFloat2.uexp" 555
"../../../Engine/Content/Functions/Engine_MaterialFunctions02/Utility/MakeFloat3.uasset" 556
"../../../Engine/Content/Functions/Engine_MaterialFunctions02/Utility/MakeFloat3.uexp" 557
"../../../Engine/Content/EngineMaterials/HairDebugColor.uasset" 558
"../../../Engine/Content/EngineMaterials/HairDebugColor.uexp" 559
"../../../Engine/Content/EngineMaterials/HairColorMap.uasset" 560
"../../../Engine/Content/EngineMaterials/HairColorMap.uexp" 561
"../../../Engine/Plugins/Runtime/HairStrands/Content/Materials/HairGroupColors.uasset" 562
"../../../Engine/Plugins/Runtime/HairStrands/Content/Materials/HairGroupColors.uexp" 563
"../../../Engine/Plugins/Runtime/HairStrands/Content/Materials/HairDebugMaterial.uasset" 564
"../../../Engine/Plugins/Runtime/HairStrands/Content/Materials/HairDebugMaterial.uexp" 565
"../../../Engine/Plugins/Runtime/HairStrands/Content/Materials/HairCardsDefaultMaterial.uasset" 566
"../../../Engine/Plugins/Runtime/HairStrands/Content/Materials/HairCardsDefaultMaterial.uexp" 567
"../../../Engine/Plugins/Runtime/AudioWidgets/Content/Resources/ScrubHandleDown_Clamped.uasset" 568
"../../../Engine/Plugins/Runtime/AudioWidgets/Content/Resources/ScrubHandleDown_Clamped.uexp" 569
"../../../Engine/Plugins/Interchange/Assets/Content/Functions/MX_UsdPreviewSurface.uasset" 570
"../../../Engine/Plugins/Interchange/Assets/Content/Functions/MX_UsdPreviewSurface.uexp" 571
"../../../Engine/Plugins/Interchange/Assets/Content/Functions/MX_UniformEDF.uasset" 572
"../../../Engine/Plugins/Interchange/Assets/Content/Functions/MX_UniformEDF.uexp" 573
"../../../Engine/Plugins/Interchange/Assets/Content/Functions/MX_TranslucentBSDF.uasset" 574
"../../../Engine/Plugins/Interchange/Assets/Content/Functions/MX_TranslucentBSDF.uexp" 575
"../../../Engine/Plugins/Interchange/Assets/Content/Functions/MX_ThinFilmBSDF.uasset" 576
"../../../Engine/Plugins/Interchange/Assets/Content/Functions/MX_ThinFilmBSDF.uexp" 577
"../../../Engine/Plugins/Interchange/Assets/Content/Functions/MX_SurfaceUnlit.uasset" 578
"../../../Engine/Plugins/Interchange/Assets/Content/Functions/MX_SurfaceUnlit.uexp" 579
"../../../Engine/Plugins/Interchange/Assets/Content/Functions/MX_Surface.uasset" 580
"../../../Engine/Plugins/Interchange/Assets/Content/Functions/MX_Surface.uexp" 581
"../../../Engine/Plugins/Interchange/Assets/Content/Functions/MX_SubsurfaceBSDF.uasset" 582
"../../../Engine/Plugins/Interchange/Assets/Content/Functions/MX_SubsurfaceBSDF.uexp" 583
"../../../Engine/Plugins/Interchange/Assets/Content/Functions/MX_SheenBSDF.uasset" 584
"../../../Engine/Plugins/Interchange/Assets/Content/Functions/MX_SheenBSDF.uexp" 585
"../../../Engine/Plugins/Interchange/Assets/Content/Functions/MX_OrenNayarBSDF.uasset" 586
"../../../Engine/Plugins/Interchange/Assets/Content/Functions/MX_OrenNayarBSDF.uexp" 587
"../../../Engine/Plugins/Interchange/Assets/Content/Functions/MF_IridescenceNoLUT.uasset" 588
"../../../Engine/Plugins/Interchange/Assets/Content/Functions/MF_IridescenceNoLUT.uexp" 589
"../../../Engine/Plugins/Interchange/Assets/Content/Functions/MX_StandardSurface.uasset" 590
"../../../Engine/Plugins/Interchange/Assets/Content/Functions/MX_StandardSurface.uexp" 591
"../../../Engine/Plugins/Interchange/Assets/Content/Functions/MX_TransmissionSurface.uasset" 592
"../../../Engine/Plugins/Interchange/Assets/Content/Functions/MX_TransmissionSurface.uexp" 593
"../../../Engine/Plugins/Interchange/Assets/Content/Functions/MX_OpenPBR_Translucent.uasset" 594
"../../../Engine/Plugins/Interchange/Assets/Content/Functions/MX_OpenPBR_Translucent.uexp" 595
"../../../Engine/Plugins/Interchange/Assets/Content/Functions/MX_OpenPBR_Opaque.uasset" 596
"../../../Engine/Plugins/Interchange/Assets/Content/Functions/MX_OpenPBR_Opaque.uexp" 597
"../../../Engine/Plugins/Interchange/Assets/Content/Functions/MX_MeasuredEDF.uasset" 598
"../../../Engine/Plugins/Interchange/Assets/Content/Functions/MX_MeasuredEDF.uexp" 599
"../../../Engine/Plugins/Interchange/Assets/Content/Functions/MX_GeneralizedSchlickBSDF.uasset" 600
"../../../Engine/Plugins/Interchange/Assets/Content/Functions/MX_GeneralizedSchlickBSDF.uexp" 601
"../../../Engine/Plugins/Interchange/Assets/Content/Functions/MX_Displacement.uasset" 602
"../../../Engine/Plugins/Interchange/Assets/Content/Functions/MX_Displacement.uexp" 603
"../../../Engine/Plugins/Interchange/Assets/Content/Functions/MX_DielectricBSDF.uasset" 604
"../../../Engine/Plugins/Interchange/Assets/Content/Functions/MX_DielectricBSDF.uexp" 605
"../../../Engine/Plugins/Interchange/Assets/Content/Functions/MX_ConicalEDF.uasset" 606
"../../../Engine/Plugins/Interchange/Assets/Content/Functions/MX_ConicalEDF.uexp" 607
"../../../Engine/Plugins/Interchange/Assets/Content/Functions/MX_ConductorBSDF.uasset" 608
"../../../Engine/Plugins/Interchange/Assets/Content/Functions/MX_ConductorBSDF.uexp" 609
"../../../Engine/Plugins/Interchange/Assets/Content/Functions/MX_BurleyDiffuseBSDF.uasset" 610
"../../../Engine/Plugins/Interchange/Assets/Content/Functions/MX_BurleyDiffuseBSDF.uexp" 611
"../../../Engine/Plugins/Interchange/Assets/Content/Functions/MX_AnisotropicVDF.uasset" 612
"../../../Engine/Plugins/Interchange/Assets/Content/Functions/MX_AnisotropicVDF.uexp" 613
"../../../Engine/Plugins/Interchange/Assets/Content/Functions/MX_AbsorptionVDF.uasset" 614
"../../../Engine/Plugins/Interchange/Assets/Content/Functions/MX_AbsorptionVDF.uexp" 615
"../../../Engine/Content/Functions/Engine_MaterialFunctions02/Utility/VectorLength.uasset" 616
"../../../Engine/Content/Functions/Engine_MaterialFunctions02/Utility/VectorLength.uexp" 617
"../../../Engine/Content/Functions/Engine_MaterialFunctions02/Utility/BreakOutFloat3Components.uasset" 618
"../../../Engine/Content/Functions/Engine_MaterialFunctions02/Utility/BreakOutFloat3Components.uexp" 619
"../../../Engine/Content/Functions/Engine_MaterialFunctions02/WorldPositionOffset/ObjectScale.uasset" 620
"../../../Engine/Content/Functions/Engine_MaterialFunctions02/WorldPositionOffset/ObjectScale.uexp" 621
"../../../Engine/Content/Functions/Engine_MaterialFunctions02/SafeNormalize.uasset" 622
"../../../Engine/Content/Functions/Engine_MaterialFunctions02/SafeNormalize.uexp" 623
"../../../Engine/Plugins/Editor/SpeedTreeImporter/Content/SpeedTree9/UnpackInteger3.uasset" 624
"../../../Engine/Plugins/Editor/SpeedTreeImporter/Content/SpeedTree9/UnpackInteger3.uexp" 625
"../../../Engine/Plugins/Editor/SpeedTreeImporter/Content/SpeedTree9/UnpackDirection.uasset" 626
"../../../Engine/Plugins/Editor/SpeedTreeImporter/Content/SpeedTree9/UnpackDirection.uexp" 627
"../../../Engine/Plugins/Editor/SpeedTreeImporter/Content/SpeedTree9/game_wind_noise.ubulk" 628
"../../../Engine/Plugins/Editor/SpeedTreeImporter/Content/SpeedTree9/game_wind_noise.uasset" 629
"../../../Engine/Plugins/Editor/SpeedTreeImporter/Content/SpeedTree9/game_wind_noise.uexp" 630
"../../../Engine/Plugins/Editor/SpeedTreeImporter/Content/SpeedTree9/SpeedTreeWindMotion.uasset" 631
"../../../Engine/Plugins/Editor/SpeedTreeImporter/Content/SpeedTree9/SpeedTreeWindMotion.uexp" 632
"../../../Engine/Content/Functions/Engine_MaterialFunctions02/ObjectLocalBounds.uasset" 633
"../../../Engine/Content/Functions/Engine_MaterialFunctions02/ObjectLocalBounds.uexp" 634
"../../../Engine/Content/Functions/Engine_MaterialFunctions02/UVs/BoundingBoxBased_0-1_UVW.uasset" 635
"../../../Engine/Content/Functions/Engine_MaterialFunctions02/UVs/BoundingBoxBased_0-1_UVW.uexp" 636
"../../../Engine/Plugins/Editor/SpeedTreeImporter/Content/SpeedTree9/SpeedTreeBranchMotion.uasset" 637
"../../../Engine/Plugins/Editor/SpeedTreeImporter/Content/SpeedTree9/SpeedTreeBranchMotion.uexp" 638
"../../../Engine/Plugins/Editor/SpeedTreeImporter/Content/SpeedTree9/SpeedTreeWind.uasset" 639
"../../../Engine/Plugins/Editor/SpeedTreeImporter/Content/SpeedTree9/SpeedTreeWind.uexp" 640
"../../../Engine/Plugins/Editor/SpeedTreeImporter/Content/SpeedTree9/SpeedTreeCameraFacing.uasset" 641
"../../../Engine/Plugins/Editor/SpeedTreeImporter/Content/SpeedTree9/SpeedTreeCameraFacing.uexp" 642
"../../../Engine/Plugins/Editor/SpeedTreeImporter/Content/SpeedTree9/EmptyNormal.uasset" 643
"../../../Engine/Plugins/Editor/SpeedTreeImporter/Content/SpeedTree9/EmptyNormal.uexp" 644
"../../../Engine/Plugins/Editor/SpeedTreeImporter/Content/SpeedTree9/Empty.uasset" 645
"../../../Engine/Plugins/Editor/SpeedTreeImporter/Content/SpeedTree9/Empty.uexp" 646
"../../../Engine/Plugins/Editor/SpeedTreeImporter/Content/SpeedTree9/SpeedTreeMaster.uasset" 647
"../../../Engine/Plugins/Editor/SpeedTreeImporter/Content/SpeedTree9/SpeedTreeMaster.uexp" 648
"../../../Engine/Plugins/Editor/SpeedTreeImporter/Content/SpeedTree9/SpeedTreeBillboard.uasset" 649
"../../../Engine/Plugins/Editor/SpeedTreeImporter/Content/SpeedTree9/SpeedTreeBillboard.uexp" 650
"../../../Engine/Plugins/Editor/SpeedTreeImporter/Content/SpeedTree9/SpeedTreeBillboardMaster.uasset" 651
"../../../Engine/Plugins/Editor/SpeedTreeImporter/Content/SpeedTree9/SpeedTreeBillboardMaster.uexp" 652
"../../../Engine/Content/EngineResources/FilmGrains/Marcie_Grain_v3_128_M2_000.uasset" 653
"../../../Engine/Content/EngineResources/FilmGrains/Marcie_Grain_v3_128_M2_000.uexp" 654
"../../../Engine/Content/EngineResources/Development/ZenLogo_64.uasset" 655
"../../../Engine/Content/EngineResources/Development/ZenLogo_64.uexp" 656
"../../../Engine/Content/EngineMaterials/LTC/Sheen_LTC.uasset" 657
"../../../Engine/Content/EngineMaterials/LTC/Sheen_LTC.uexp" 658
"../../../Engine/Content/EngineMaterials/LTC/GGX_LTCMat.uasset" 659
"../../../Engine/Content/EngineMaterials/LTC/GGX_LTCMat.uexp" 660
"../../../Engine/Content/EngineMaterials/LTC/GGX_LTCAmp.uasset" 661
"../../../Engine/Content/EngineMaterials/LTC/GGX_LTCAmp.uexp" 662
"../../../Engine/Content/EngineMaterials/EnergyConservation/Sheen_Energy.uasset" 663
"../../../Engine/Content/EngineMaterials/EnergyConservation/Sheen_Energy.uexp" 664
"../../../Engine/Content/EngineMaterials/EnergyConservation/SheenLegacy_Energy.uasset" 665
"../../../Engine/Content/EngineMaterials/EnergyConservation/SheenLegacy_Energy.uexp" 666
"../../../Engine/Content/EngineMaterials/EnergyConservation/GGX_TransmissionEnergyArray.uasset" 667
"../../../Engine/Content/EngineMaterials/EnergyConservation/GGX_TransmissionEnergyArray.uexp" 668
"../../../Engine/Content/EngineMaterials/EnergyConservation/GGX_ReflectionEnergy.uasset" 669
"../../../Engine/Content/EngineMaterials/EnergyConservation/GGX_ReflectionEnergy.uexp" 670
"../../../Engine/Content/EngineMaterials/EnergyConservation/Diffuse_Energy.uasset" 671
"../../../Engine/Content/EngineMaterials/EnergyConservation/Diffuse_Energy.uexp" 672
"../../../Engine/Content/EditorResources/SequenceRecorder/RecordingIndicator.uasset" 673
"../../../Engine/Content/EditorResources/SequenceRecorder/RecordingIndicator.uexp" 674
"../../../Engine/Content/EditorResources/SequenceRecorder/Countdown.uasset" 675
"../../../Engine/Content/EditorResources/SequenceRecorder/Countdown.uexp" 676
"../../../Engine/Content/EditorMaterials/ParticleSystems/PSysThumbnail_OOD.ubulk" 677
"../../../Engine/Content/EditorMaterials/ParticleSystems/PSysThumbnail_OOD.uasset" 678
"../../../Engine/Content/EditorMaterials/ParticleSystems/PSysThumbnail_OOD.uexp" 679
"../../../Engine/Content/EditorMaterials/ParticleSystems/PSysThumbnail_NoImage.ubulk" 680
"../../../Engine/Content/EditorMaterials/ParticleSystems/PSysThumbnail_NoImage.uasset" 681
"../../../Engine/Content/EditorMaterials/ParticleSystems/PSysThumbnail_NoImage.uexp" 682
"../../../Engine/Content/EditorMaterials/Dataflow/DataflowVertexMaterial.uasset" 683
"../../../Engine/Content/EditorMaterials/Dataflow/DataflowVertexMaterial.uexp" 684
"../../../Engine/Content/EditorMaterials/Dataflow/DataflowTwoSidedVertexMaterial.uasset" 685
"../../../Engine/Content/EditorMaterials/Dataflow/DataflowTwoSidedVertexMaterial.uexp" 686
"../../../Engine/Content/EngineMaterials/T_Default_Material_Grid_M.ubulk" 687
"../../../Engine/Content/EngineMaterials/T_Default_Material_Grid_M.uasset" 688
"../../../Engine/Content/EngineMaterials/T_Default_Material_Grid_M.uexp" 689
"../../../Engine/Content/Functions/Engine_MaterialFunctions01/Opacity/CameraDepthFade.uasset" 690
"../../../Engine/Content/Functions/Engine_MaterialFunctions01/Opacity/CameraDepthFade.uexp" 691
"../../../Engine/Content/EngineMaterials/T_Default_Material_Grid_N.ubulk" 692
"../../../Engine/Content/EngineMaterials/T_Default_Material_Grid_N.uasset" 693
"../../../Engine/Content/EngineMaterials/T_Default_Material_Grid_N.uexp" 694
"../../../Engine/Content/EngineMaterials/WorldGridMaterial.uasset" 695
"../../../Engine/Content/EngineMaterials/WorldGridMaterial.uexp" 696
"../../../Engine/Content/ArtTools/RenderToTexture/Meshes/S_1_Unit_Plane.ubulk" 697
"../../../Engine/Content/ArtTools/RenderToTexture/Meshes/S_1_Unit_Plane.uasset" 698
"../../../Engine/Content/ArtTools/RenderToTexture/Meshes/S_1_Unit_Plane.uexp" 699
"../../../Engine/Content/Functions/Engine_MaterialFunctions01/Shading/PowerToRoughness.uasset" 700
"../../../Engine/Content/Functions/Engine_MaterialFunctions01/Shading/PowerToRoughness.uexp" 701
"../../../Engine/Content/Functions/Engine_MaterialFunctions01/Shading/ConvertFromDiffSpec.uasset" 702
"../../../Engine/Content/Functions/Engine_MaterialFunctions01/Shading/ConvertFromDiffSpec.uexp" 703
"../../../Engine/Content/EngineMeshes/Sphere.ubulk" 704
"../../../Engine/Content/EngineMeshes/Sphere.uasset" 705
"../../../Engine/Content/EngineMeshes/Sphere.uexp" 706
"../../../Engine/Content/EngineMaterials/Substrate/GLints/AGlintTex2dArray.uasset" 707
"../../../Engine/Content/EngineMaterials/Substrate/GLints/AGlintTex2dArray.uexp" 708
"../../../Engine/Content/EngineMaterials/Substrate/Glints2/AGlintTex2dArray2.uasset" 709
"../../../Engine/Content/EngineMaterials/Substrate/Glints2/AGlintTex2dArray2.uexp" 710
"../../../Engine/Content/EditorMaterials/Camera/CineMat.uasset" 711
"../../../Engine/Content/EditorMaterials/Camera/CineMat.uexp" 712
"../../../Engine/Content/EditorMaterials/Camera/MI_CineMat_Rig.uasset" 713
"../../../Engine/Content/EditorMaterials/Camera/MI_CineMat_Rig.uexp" 714
"../../../Engine/Content/EditorMeshes/Camera/SM_CraneRig_Arm.ubulk" 715
"../../../Engine/Content/EditorMeshes/Camera/SM_CraneRig_Arm.uasset" 716
"../../../Engine/Content/EditorMeshes/Camera/SM_CraneRig_Arm.uexp" 717
"../../../Engine/Content/EditorMeshes/Camera/SM_CraneRig_Base.ubulk" 718
"../../../Engine/Content/EditorMeshes/Camera/SM_CraneRig_Base.uasset" 719
"../../../Engine/Content/EditorMeshes/Camera/SM_CraneRig_Base.uexp" 720
"../../../Engine/Content/EditorMeshes/Camera/SM_CraneRig_Body.ubulk" 721
"../../../Engine/Content/EditorMeshes/Camera/SM_CraneRig_Body.uasset" 722
"../../../Engine/Content/EditorMeshes/Camera/SM_CraneRig_Body.uexp" 723
"../../../Engine/Content/EditorMeshes/Camera/SM_CraneRig_Mount.ubulk" 724
"../../../Engine/Content/EditorMeshes/Camera/SM_CraneRig_Mount.uasset" 725
"../../../Engine/Content/EditorMeshes/Camera/SM_CraneRig_Mount.uexp" 726
"../../../Engine/Content/EditorMeshes/Camera/SM_RailRig_Mount.ubulk" 727
"../../../Engine/Content/EditorMeshes/Camera/SM_RailRig_Mount.uasset" 728
"../../../Engine/Content/EditorMeshes/Camera/SM_RailRig_Mount.uexp" 729
"../../../Engine/Content/EditorMeshes/Camera/SM_RailRig_Track.ubulk" 730
"../../../Engine/Content/EditorMeshes/Camera/SM_RailRig_Track.uasset" 731
"../../../Engine/Content/EditorMeshes/Camera/SM_RailRig_Track.uexp" 732
"../../../Engine/Content/VREditor/TransformGizmo/TranslucentTransformGizmoMaterial.uasset" 733
"../../../Engine/Content/VREditor/TransformGizmo/TranslucentTransformGizmoMaterial.uexp" 734
"../../../Engine/Content/VREditor/LaserPointer/VR_LaserPower_01.ubulk" 735
"../../../Engine/Content/VREditor/LaserPointer/VR_LaserPower_01.uasset" 736
"../../../Engine/Content/VREditor/LaserPointer/VR_LaserPower_01.uexp" 737
"../../../Engine/Content/VREditor/TransformGizmo/TransformGizmoMaterial.uasset" 738
"../../../Engine/Content/VREditor/TransformGizmo/TransformGizmoMaterial.uexp" 739
"../../../Engine/Content/VREditor/TransformGizmo/BoundingBoxCorner.ubulk" 740
"../../../Engine/Content/VREditor/TransformGizmo/BoundingBoxCorner.uasset" 741
"../../../Engine/Content/VREditor/TransformGizmo/BoundingBoxCorner.uexp" 742
"../../../Engine/Content/VREditor/TransformGizmo/BoundingBoxEdge.ubulk" 743
"../../../Engine/Content/VREditor/TransformGizmo/BoundingBoxEdge.uasset" 744
"../../../Engine/Content/VREditor/TransformGizmo/BoundingBoxEdge.uexp" 745
"../../../Engine/Content/VREditor/TransformGizmo/Xray.uasset" 746
"../../../Engine/Content/VREditor/TransformGizmo/Xray.uexp" 747
"../../../Engine/Content/VREditor/TransformGizmo/Main.uasset" 748
"../../../Engine/Content/VREditor/TransformGizmo/Main.uexp" 749
"../../../Engine/Content/VREditor/TransformGizmo/SM_Sequencer_Node.ubulk" 750
"../../../Engine/Content/VREditor/TransformGizmo/SM_Sequencer_Node.uasset" 751
"../../../Engine/Content/VREditor/TransformGizmo/SM_Sequencer_Node.uexp" 752
"../../../Engine/Content/EngineMaterials/WeightMapPlaceholderTexture.uasset" 753
"../../../Engine/Content/EngineMaterials/WeightMapPlaceholderTexture.uexp" 754
"../../../Engine/Content/EngineMaterials/WeightMapArrayPlaceholderTexture.uasset" 755
"../../../Engine/Content/EngineMaterials/WeightMapArrayPlaceholderTexture.uexp" 756
"../../../Engine/Plugins/Animation/ControlRig/Content/Controls/ControlRig_Arrow2_1mm.ubulk" 757
"../../../Engine/Plugins/Animation/ControlRig/Content/Controls/ControlRig_Arrow2_1mm.uasset" 758
"../../../Engine/Plugins/Animation/ControlRig/Content/Controls/ControlRig_Arrow2_1mm.uexp" 759
"../../../Engine/Plugins/Animation/ControlRig/Content/Controls/ControlRig_Arrow2_3mm.ubulk" 760
"../../../Engine/Plugins/Animation/ControlRig/Content/Controls/ControlRig_Arrow2_3mm.uasset" 761
"../../../Engine/Plugins/Animation/ControlRig/Content/Controls/ControlRig_Arrow2_3mm.uexp" 762
"../../../Engine/Plugins/Animation/ControlRig/Content/Controls/ControlRig_Arrow2_solid.ubulk" 763
"../../../Engine/Plugins/Animation/ControlRig/Content/Controls/ControlRig_Arrow2_solid.uasset" 764
"../../../Engine/Plugins/Animation/ControlRig/Content/Controls/ControlRig_Arrow2_solid.uexp" 765
"../../../Engine/Plugins/Animation/ControlRig/Content/Controls/ControlRig_Arrow4_1mm.ubulk" 766
"../../../Engine/Plugins/Animation/ControlRig/Content/Controls/ControlRig_Arrow4_1mm.uasset" 767
"../../../Engine/Plugins/Animation/ControlRig/Content/Controls/ControlRig_Arrow4_1mm.uexp" 768
"../../../Engine/Plugins/Animation/ControlRig/Content/Controls/ControlRig_Arrow4_3mm.ubulk" 769
"../../../Engine/Plugins/Animation/ControlRig/Content/Controls/ControlRig_Arrow4_3mm.uasset" 770
"../../../Engine/Plugins/Animation/ControlRig/Content/Controls/ControlRig_Arrow4_3mm.uexp" 771
"../../../Engine/Plugins/Animation/ControlRig/Content/Controls/ControlRig_Arrow4_solid.ubulk" 772
"../../../Engine/Plugins/Animation/ControlRig/Content/Controls/ControlRig_Arrow4_solid.uasset" 773
"../../../Engine/Plugins/Animation/ControlRig/Content/Controls/ControlRig_Arrow4_solid.uexp" 774
"../../../Engine/Plugins/Animation/ControlRig/Content/Controls/ControlRig_Arrow_1mm.ubulk" 775
"../../../Engine/Plugins/Animation/ControlRig/Content/Controls/ControlRig_Arrow_1mm.uasset" 776
"../../../Engine/Plugins/Animation/ControlRig/Content/Controls/ControlRig_Arrow_1mm.uexp" 777
"../../../Engine/Plugins/Animation/ControlRig/Content/Controls/ControlRig_Arrow_3mm.ubulk" 778
"../../../Engine/Plugins/Animation/ControlRig/Content/Controls/ControlRig_Arrow_3mm.uasset" 779
"../../../Engine/Plugins/Animation/ControlRig/Content/Controls/ControlRig_Arrow_3mm.uexp" 780
"../../../Engine/Plugins/Animation/ControlRig/Content/Controls/ControlRig_Arrow_solid.ubulk" 781
"../../../Engine/Plugins/Animation/ControlRig/Content/Controls/ControlRig_Arrow_solid.uasset" 782
"../../../Engine/Plugins/Animation/ControlRig/Content/Controls/ControlRig_Arrow_solid.uexp" 783
"../../../Engine/Plugins/Animation/ControlRig/Content/Controls/ControlRig_Box_1mm.ubulk" 784
"../../../Engine/Plugins/Animation/ControlRig/Content/Controls/ControlRig_Box_1mm.uasset" 785
"../../../Engine/Plugins/Animation/ControlRig/Content/Controls/ControlRig_Box_1mm.uexp" 786
"../../../Engine/Plugins/Animation/ControlRig/Content/Controls/ControlRig_Box_3mm.ubulk" 787
"../../../Engine/Plugins/Animation/ControlRig/Content/Controls/ControlRig_Box_3mm.uasset" 788
"../../../Engine/Plugins/Animation/ControlRig/Content/Controls/ControlRig_Box_3mm.uexp" 789
"../../../Engine/Plugins/Animation/ControlRig/Content/Controls/ControlRig_Box_solid.ubulk" 790
"../../../Engine/Plugins/Animation/ControlRig/Content/Controls/ControlRig_Box_solid.uasset" 791
"../../../Engine/Plugins/Animation/ControlRig/Content/Controls/ControlRig_Box_solid.uexp" 792
"../../../Engine/Plugins/Animation/ControlRig/Content/Controls/ControlRig_Circle_1mm.ubulk" 793
"../../../Engine/Plugins/Animation/ControlRig/Content/Controls/ControlRig_Circle_1mm.uasset" 794
"../../../Engine/Plugins/Animation/ControlRig/Content/Controls/ControlRig_Circle_1mm.uexp" 795
"../../../Engine/Plugins/Animation/ControlRig/Content/Controls/ControlRig_Circle_3mm.ubulk" 796
"../../../Engine/Plugins/Animation/ControlRig/Content/Controls/ControlRig_Circle_3mm.uasset" 797
"../../../Engine/Plugins/Animation/ControlRig/Content/Controls/ControlRig_Circle_3mm.uexp" 798
"../../../Engine/Plugins/Animation/ControlRig/Content/Controls/ControlRig_Circle_solid.ubulk" 799
"../../../Engine/Plugins/Animation/ControlRig/Content/Controls/ControlRig_Circle_solid.uasset" 800
"../../../Engine/Plugins/Animation/ControlRig/Content/Controls/ControlRig_Circle_solid.uexp" 801
"../../../Engine/Plugins/Animation/ControlRig/Content/Controls/ControlRig_Diamond_1mm.ubulk" 802
"../../../Engine/Plugins/Animation/ControlRig/Content/Controls/ControlRig_Diamond_1mm.uasset" 803
"../../../Engine/Plugins/Animation/ControlRig/Content/Controls/ControlRig_Diamond_1mm.uexp" 804
"../../../Engine/Plugins/Animation/ControlRig/Content/Controls/ControlRig_Diamond_3mm.ubulk" 805
"../../../Engine/Plugins/Animation/ControlRig/Content/Controls/ControlRig_Diamond_3mm.uasset" 806
"../../../Engine/Plugins/Animation/ControlRig/Content/Controls/ControlRig_Diamond_3mm.uexp" 807
"../../../Engine/Plugins/Animation/ControlRig/Content/Controls/ControlRig_Diamond_solid.ubulk" 808
"../../../Engine/Plugins/Animation/ControlRig/Content/Controls/ControlRig_Diamond_solid.uasset" 809
"../../../Engine/Plugins/Animation/ControlRig/Content/Controls/ControlRig_Diamond_solid.uexp" 810
"../../../Engine/Plugins/Animation/ControlRig/Content/Controls/ControlRig_HalfCircle_1mm.ubulk" 811
"../../../Engine/Plugins/Animation/ControlRig/Content/Controls/ControlRig_HalfCircle_1mm.uasset" 812
"../../../Engine/Plugins/Animation/ControlRig/Content/Controls/ControlRig_HalfCircle_1mm.uexp" 813
"../../../Engine/Plugins/Animation/ControlRig/Content/Controls/ControlRig_HalfCircle_3mm.ubulk" 814
"../../../Engine/Plugins/Animation/ControlRig/Content/Controls/ControlRig_HalfCircle_3mm.uasset" 815
"../../../Engine/Plugins/Animation/ControlRig/Content/Controls/ControlRig_HalfCircle_3mm.uexp" 816
"../../../Engine/Plugins/Animation/ControlRig/Content/Controls/ControlRig_HalfCircle_solid.ubulk" 817
"../../../Engine/Plugins/Animation/ControlRig/Content/Controls/ControlRig_HalfCircle_solid.uasset" 818
"../../../Engine/Plugins/Animation/ControlRig/Content/Controls/ControlRig_HalfCircle_solid.uexp" 819
"../../../Engine/Plugins/Animation/ControlRig/Content/Controls/ControlRig_Hexagon_1mm.ubulk" 820
"../../../Engine/Plugins/Animation/ControlRig/Content/Controls/ControlRig_Hexagon_1mm.uasset" 821
"../../../Engine/Plugins/Animation/ControlRig/Content/Controls/ControlRig_Hexagon_1mm.uexp" 822
"../../../Engine/Plugins/Animation/ControlRig/Content/Controls/ControlRig_Hexagon_3mm.ubulk" 823
"../../../Engine/Plugins/Animation/ControlRig/Content/Controls/ControlRig_Hexagon_3mm.uasset" 824
"../../../Engine/Plugins/Animation/ControlRig/Content/Controls/ControlRig_Hexagon_3mm.uexp" 825
"../../../Engine/Plugins/Animation/ControlRig/Content/Controls/ControlRig_Hexagon_solid.ubulk" 826
"../../../Engine/Plugins/Animation/ControlRig/Content/Controls/ControlRig_Hexagon_solid.uasset" 827
"../../../Engine/Plugins/Animation/ControlRig/Content/Controls/ControlRig_Hexagon_solid.uexp" 828
"../../../Engine/Plugins/Animation/ControlRig/Content/Controls/ControlRig_Octagon_1mm.ubulk" 829
"../../../Engine/Plugins/Animation/ControlRig/Content/Controls/ControlRig_Octagon_1mm.uasset" 830
"../../../Engine/Plugins/Animation/ControlRig/Content/Controls/ControlRig_Octagon_1mm.uexp" 831
"../../../Engine/Plugins/Animation/ControlRig/Content/Controls/ControlRig_Octagon_3mm.ubulk" 832
"../../../Engine/Plugins/Animation/ControlRig/Content/Controls/ControlRig_Octagon_3mm.uasset" 833
"../../../Engine/Plugins/Animation/ControlRig/Content/Controls/ControlRig_Octagon_3mm.uexp" 834
"../../../Engine/Plugins/Animation/ControlRig/Content/Controls/ControlRig_Octagon_solid.ubulk" 835
"../../../Engine/Plugins/Animation/ControlRig/Content/Controls/ControlRig_Octagon_solid.uasset" 836
"../../../Engine/Plugins/Animation/ControlRig/Content/Controls/ControlRig_Octagon_solid.uexp" 837
"../../../Engine/Plugins/Animation/ControlRig/Content/Controls/ControlRig_Pyramid_1mm.ubulk" 838
"../../../Engine/Plugins/Animation/ControlRig/Content/Controls/ControlRig_Pyramid_1mm.uasset" 839
"../../../Engine/Plugins/Animation/ControlRig/Content/Controls/ControlRig_Pyramid_1mm.uexp" 840
"../../../Engine/Plugins/Animation/ControlRig/Content/Controls/ControlRig_Pyramid_3mm.ubulk" 841
"../../../Engine/Plugins/Animation/ControlRig/Content/Controls/ControlRig_Pyramid_3mm.uasset" 842
"../../../Engine/Plugins/Animation/ControlRig/Content/Controls/ControlRig_Pyramid_3mm.uexp" 843
"../../../Engine/Plugins/Animation/ControlRig/Content/Controls/ControlRig_Pyramid_solid.ubulk" 844
"../../../Engine/Plugins/Animation/ControlRig/Content/Controls/ControlRig_Pyramid_solid.uasset" 845
"../../../Engine/Plugins/Animation/ControlRig/Content/Controls/ControlRig_Pyramid_solid.uexp" 846
"../../../Engine/Plugins/Animation/ControlRig/Content/Controls/ControlRig_QuarterCircle_1mm.ubulk" 847
"../../../Engine/Plugins/Animation/ControlRig/Content/Controls/ControlRig_QuarterCircle_1mm.uasset" 848
"../../../Engine/Plugins/Animation/ControlRig/Content/Controls/ControlRig_QuarterCircle_1mm.uexp" 849
"../../../Engine/Plugins/Animation/ControlRig/Content/Controls/ControlRig_QuarterCircle_3mm.ubulk" 850
"../../../Engine/Plugins/Animation/ControlRig/Content/Controls/ControlRig_QuarterCircle_3mm.uasset" 851
"../../../Engine/Plugins/Animation/ControlRig/Content/Controls/ControlRig_QuarterCircle_3mm.uexp" 852
"../../../Engine/Plugins/Animation/ControlRig/Content/Controls/ControlRig_QuarterCircle_solid.ubulk" 853
"../../../Engine/Plugins/Animation/ControlRig/Content/Controls/ControlRig_QuarterCircle_solid.uasset" 854
"../../../Engine/Plugins/Animation/ControlRig/Content/Controls/ControlRig_QuarterCircle_solid.uexp" 855
"../../../Engine/Plugins/Animation/ControlRig/Content/Controls/ControlRig_RoundedSquare_1mm.ubulk" 856
"../../../Engine/Plugins/Animation/ControlRig/Content/Controls/ControlRig_RoundedSquare_1mm.uasset" 857
"../../../Engine/Plugins/Animation/ControlRig/Content/Controls/ControlRig_RoundedSquare_1mm.uexp" 858
"../../../Engine/Plugins/Animation/ControlRig/Content/Controls/ControlRig_RoundedSquare_3mm.ubulk" 859
"../../../Engine/Plugins/Animation/ControlRig/Content/Controls/ControlRig_RoundedSquare_3mm.uasset" 860
"../../../Engine/Plugins/Animation/ControlRig/Content/Controls/ControlRig_RoundedSquare_3mm.uexp" 861
"../../../Engine/Plugins/Animation/ControlRig/Content/Controls/ControlRig_RoundedSquare_solid.ubulk" 862
"../../../Engine/Plugins/Animation/ControlRig/Content/Controls/ControlRig_RoundedSquare_solid.uasset" 863
"../../../Engine/Plugins/Animation/ControlRig/Content/Controls/ControlRig_RoundedSquare_solid.uexp" 864
"../../../Engine/Plugins/Animation/ControlRig/Content/Controls/ControlRig_RoundedTriangle_1mm.ubulk" 865
"../../../Engine/Plugins/Animation/ControlRig/Content/Controls/ControlRig_RoundedTriangle_1mm.uasset" 866
"../../../Engine/Plugins/Animation/ControlRig/Content/Controls/ControlRig_RoundedTriangle_1mm.uexp" 867
"../../../Engine/Plugins/Animation/ControlRig/Content/Controls/ControlRig_RoundedTriangle_3mm.ubulk" 868
"../../../Engine/Plugins/Animation/ControlRig/Content/Controls/ControlRig_RoundedTriangle_3mm.uasset" 869
"../../../Engine/Plugins/Animation/ControlRig/Content/Controls/ControlRig_RoundedTriangle_3mm.uexp" 870
"../../../Engine/Plugins/Animation/ControlRig/Content/Controls/ControlRig_RoundedTriangle_solid.ubulk" 871
"../../../Engine/Plugins/Animation/ControlRig/Content/Controls/ControlRig_RoundedTriangle_solid.uasset" 872
"../../../Engine/Plugins/Animation/ControlRig/Content/Controls/ControlRig_RoundedTriangle_solid.uexp" 873
"../../../Engine/Plugins/Animation/ControlRig/Content/Controls/ControlRig_Sphere_1mm.ubulk" 874
"../../../Engine/Plugins/Animation/ControlRig/Content/Controls/ControlRig_Sphere_1mm.uasset" 875
"../../../Engine/Plugins/Animation/ControlRig/Content/Controls/ControlRig_Sphere_1mm.uexp" 876
"../../../Engine/Plugins/Animation/ControlRig/Content/Controls/ControlRig_Sphere_3mm.ubulk" 877
"../../../Engine/Plugins/Animation/ControlRig/Content/Controls/ControlRig_Sphere_3mm.uasset" 878
"../../../Engine/Plugins/Animation/ControlRig/Content/Controls/ControlRig_Sphere_3mm.uexp" 879
"../../../Engine/Plugins/Animation/ControlRig/Content/Controls/ControlRig_Sphere_solid.ubulk" 880
"../../../Engine/Plugins/Animation/ControlRig/Content/Controls/ControlRig_Sphere_solid.uasset" 881
"../../../Engine/Plugins/Animation/ControlRig/Content/Controls/ControlRig_Sphere_solid.uexp" 882
"../../../Engine/Plugins/Animation/ControlRig/Content/Controls/ControlRig_Square_1mm.ubulk" 883
"../../../Engine/Plugins/Animation/ControlRig/Content/Controls/ControlRig_Square_1mm.uasset" 884
"../../../Engine/Plugins/Animation/ControlRig/Content/Controls/ControlRig_Square_1mm.uexp" 885
"../../../Engine/Plugins/Animation/ControlRig/Content/Controls/ControlRig_Square_3mm.ubulk" 886
"../../../Engine/Plugins/Animation/ControlRig/Content/Controls/ControlRig_Square_3mm.uasset" 887
"../../../Engine/Plugins/Animation/ControlRig/Content/Controls/ControlRig_Square_3mm.uexp" 888
"../../../Engine/Plugins/Animation/ControlRig/Content/Controls/ControlRig_Square_solid.ubulk" 889
"../../../Engine/Plugins/Animation/ControlRig/Content/Controls/ControlRig_Square_solid.uasset" 890
"../../../Engine/Plugins/Animation/ControlRig/Content/Controls/ControlRig_Square_solid.uexp" 891
"../../../Engine/Plugins/Animation/ControlRig/Content/Controls/ControlRig_Star4_1mm.ubulk" 892
"../../../Engine/Plugins/Animation/ControlRig/Content/Controls/ControlRig_Star4_1mm.uasset" 893
"../../../Engine/Plugins/Animation/ControlRig/Content/Controls/ControlRig_Star4_1mm.uexp" 894
"../../../Engine/Plugins/Animation/ControlRig/Content/Controls/ControlRig_Star4_3mm.ubulk" 895
"../../../Engine/Plugins/Animation/ControlRig/Content/Controls/ControlRig_Star4_3mm.uasset" 896
"../../../Engine/Plugins/Animation/ControlRig/Content/Controls/ControlRig_Star4_3mm.uexp" 897
"../../../Engine/Plugins/Animation/ControlRig/Content/Controls/ControlRig_Star4_solid.ubulk" 898
"../../../Engine/Plugins/Animation/ControlRig/Content/Controls/ControlRig_Star4_solid.uasset" 899
"../../../Engine/Plugins/Animation/ControlRig/Content/Controls/ControlRig_Star4_solid.uexp" 900
"../../../Engine/Plugins/Animation/ControlRig/Content/Controls/ControlRig_Triangle_1mm.ubulk" 901
"../../../Engine/Plugins/Animation/ControlRig/Content/Controls/ControlRig_Triangle_1mm.uasset" 902
"../../../Engine/Plugins/Animation/ControlRig/Content/Controls/ControlRig_Triangle_1mm.uexp" 903
"../../../Engine/Plugins/Animation/ControlRig/Content/Controls/ControlRig_Triangle_3mm.ubulk" 904
"../../../Engine/Plugins/Animation/ControlRig/Content/Controls/ControlRig_Triangle_3mm.uasset" 905
"../../../Engine/Plugins/Animation/ControlRig/Content/Controls/ControlRig_Triangle_3mm.uexp" 906
"../../../Engine/Plugins/Animation/ControlRig/Content/Controls/ControlRig_Triangle_solid.ubulk" 907
"../../../Engine/Plugins/Animation/ControlRig/Content/Controls/ControlRig_Triangle_solid.uasset" 908
"../../../Engine/Plugins/Animation/ControlRig/Content/Controls/ControlRig_Triangle_solid.uexp" 909
"../../../Engine/Plugins/Animation/ControlRig/Content/Controls/ControlRig_Wedge_1mm.ubulk" 910
"../../../Engine/Plugins/Animation/ControlRig/Content/Controls/ControlRig_Wedge_1mm.uasset" 911
"../../../Engine/Plugins/Animation/ControlRig/Content/Controls/ControlRig_Wedge_1mm.uexp" 912
"../../../Engine/Plugins/Animation/ControlRig/Content/Controls/ControlRig_Wedge_3mm.ubulk" 913
"../../../Engine/Plugins/Animation/ControlRig/Content/Controls/ControlRig_Wedge_3mm.uasset" 914
"../../../Engine/Plugins/Animation/ControlRig/Content/Controls/ControlRig_Wedge_3mm.uexp" 915
"../../../Engine/Plugins/Animation/ControlRig/Content/Controls/ControlRig_Wedge_solid.ubulk" 916
"../../../Engine/Plugins/Animation/ControlRig/Content/Controls/ControlRig_Wedge_solid.uasset" 917
"../../../Engine/Plugins/Animation/ControlRig/Content/Controls/ControlRig_Wedge_solid.uexp" 918
"../../../Engine/Content/EngineMaterials/DefaultMaterial.uasset" 919
"../../../Engine/Content/EngineMaterials/DefaultMaterial.uexp" 920
"../../../Engine/Content/BasicShapes/Cone.ubulk" 921
"../../../Engine/Content/BasicShapes/Cone.uasset" 922
"../../../Engine/Content/BasicShapes/Cone.uexp" 923
"../../../Engine/Content/BasicShapes/Cube.ubulk" 924
"../../../Engine/Content/BasicShapes/Cube.uasset" 925
"../../../Engine/Content/BasicShapes/Cube.uexp" 926
"../../../Engine/Content/BasicShapes/Cylinder.ubulk" 927
"../../../Engine/Content/BasicShapes/Cylinder.uasset" 928
"../../../Engine/Content/BasicShapes/Cylinder.uexp" 929
"../../../Engine/Content/BasicShapes/Plane.ubulk" 930
"../../../Engine/Content/BasicShapes/Plane.uasset" 931
"../../../Engine/Content/BasicShapes/Plane.uexp" 932
"../../../Engine/Content/BasicShapes/Sphere.ubulk" 933
"../../../Engine/Content/BasicShapes/Sphere.uasset" 934
"../../../Engine/Content/BasicShapes/Sphere.uexp" 935
"../../../Engine/Content/EditorLandscapeResources/SplineEditorMeshMat.uasset" 936
"../../../Engine/Content/EditorLandscapeResources/SplineEditorMeshMat.uexp" 937
"../../../Engine/Content/EditorLandscapeResources/SplineEditorMesh.ubulk" 938
"../../../Engine/Content/EditorLandscapeResources/SplineEditorMesh.uasset" 939
"../../../Engine/Content/EditorLandscapeResources/SplineEditorMesh.uexp" 940
"../../../Engine/Plugins/Media/MediaPlate/Content/SM_MediaPlateScreen.ubulk" 941
"../../../Engine/Plugins/Media/MediaPlate/Content/SM_MediaPlateScreen.uasset" 942
"../../../Engine/Plugins/Media/MediaPlate/Content/SM_MediaPlateScreen.uexp" 943
"../../../Engine/Content/EngineResources/DefaultTextureCube.uasset" 944
"../../../Engine/Content/EngineResources/DefaultTextureCube.uexp" 945
"../../../Engine/Content/EngineMaterials/Substrate/Volume/SubstrateSimpleVolumeEnvLUT3D.uasset" 946
"../../../Engine/Content/EngineMaterials/Substrate/Volume/SubstrateSimpleVolumeEnvLUT3D.uexp" 947
"../../../Engine/Content/EngineMaterials/Substrate/Volume/SubstrateSimpleVolumeLUT3D.uasset" 948
"../../../Engine/Content/EngineMaterials/Substrate/Volume/SubstrateSimpleVolumeLUT3D.uexp" 949
"../../../Engine/Plugins/Interchange/Assets/Content/Utilities/New_LUT.uasset" 950
"../../../Engine/Plugins/Interchange/Assets/Content/Utilities/New_LUT.uexp" 951
"../../../Engine/Content/Functions/Engine_MaterialFunctions03/Math/RemapValueRange.uasset" 952
"../../../Engine/Content/Functions/Engine_MaterialFunctions03/Math/RemapValueRange.uexp" 953
"../../../Engine/Plugins/Interchange/Assets/Content/Functions/MF_Iridescence.uasset" 954
"../../../Engine/Plugins/Interchange/Assets/Content/Functions/MF_Iridescence.uexp" 955
"../../../Engine/Plugins/Interchange/Assets/Content/gltf/Textures/T_White_srgb.uasset" 956
"../../../Engine/Plugins/Interchange/Assets/Content/gltf/Textures/T_White_srgb.uexp" 957
"../../../Engine/Plugins/Interchange/Assets/Content/gltf/MaterialFunctions/MF_BaseColor.uasset" 958
"../../../Engine/Plugins/Interchange/Assets/Content/gltf/MaterialFunctions/MF_BaseColor.uexp" 959
"../../../Engine/Plugins/Interchange/Assets/Content/gltf/MaterialFunctions/MF_RotateV2.uasset" 960
"../../../Engine/Plugins/Interchange/Assets/Content/gltf/MaterialFunctions/MF_RotateV2.uexp" 961
"../../../Engine/Plugins/Interchange/Assets/Content/gltf/MaterialFunctions/MF_TransformUVs.uasset" 962
"../../../Engine/Plugins/Interchange/Assets/Content/gltf/MaterialFunctions/MF_TransformUVs.uexp" 963
"../../../Engine/Plugins/Interchange/Assets/Content/gltf/MaterialFunctions/MF_IOR.uasset" 964
"../../../Engine/Plugins/Interchange/Assets/Content/gltf/MaterialFunctions/MF_IOR.uexp" 965
"../../../Engine/Plugins/Interchange/Assets/Content/gltf/MaterialFunctions/MF_Iridescence.uasset" 966
"../../../Engine/Plugins/Interchange/Assets/Content/gltf/MaterialFunctions/MF_Iridescence.uexp" 967
"../../../Engine/Plugins/Interchange/Assets/Content/gltf/Textures/T_White_Linear.uasset" 968
"../../../Engine/Plugins/Interchange/Assets/Content/gltf/Textures/T_White_Linear.uexp" 969
"../../../Engine/Plugins/Interchange/Assets/Content/gltf/MaterialFunctions/MF_MetallicRoughness.uasset" 970
"../../../Engine/Plugins/Interchange/Assets/Content/gltf/MaterialFunctions/MF_MetallicRoughness.uexp" 971
"../../../Engine/Content/Functions/Engine_MaterialFunctions02/Math/Transform3x3Matrix.uasset" 972
"../../../Engine/Content/Functions/Engine_MaterialFunctions02/Math/Transform3x3Matrix.uexp" 973
"../../../Engine/Plugins/Interchange/Assets/Content/gltf/MaterialFunctions/MF_RotateNormals_TS.uasset" 974
"../../../Engine/Plugins/Interchange/Assets/Content/gltf/MaterialFunctions/MF_RotateNormals_TS.uexp" 975
"../../../Engine/Plugins/Interchange/Assets/Content/gltf/MaterialFunctions/MF_ScaleNormal.uasset" 976
"../../../Engine/Plugins/Interchange/Assets/Content/gltf/MaterialFunctions/MF_ScaleNormal.uexp" 977
"../../../Engine/Plugins/Interchange/Assets/Content/gltf/Textures/T_Generic_N.uasset" 978
"../../../Engine/Plugins/Interchange/Assets/Content/gltf/Textures/T_Generic_N.uexp" 979
"../../../Engine/Plugins/Interchange/Assets/Content/gltf/MaterialFunctions/MF_Normals.uasset" 980
"../../../Engine/Plugins/Interchange/Assets/Content/gltf/MaterialFunctions/MF_Normals.uexp" 981
"../../../Engine/Plugins/Interchange/Assets/Content/gltf/MaterialFunctions/MF_Occlusion.uasset" 982
"../../../Engine/Plugins/Interchange/Assets/Content/gltf/MaterialFunctions/MF_Occlusion.uexp" 983
"../../../Engine/Plugins/Interchange/Assets/Content/gltf/MaterialFunctions/MF_Specular.uasset" 984
"../../../Engine/Plugins/Interchange/Assets/Content/gltf/MaterialFunctions/MF_Specular.uexp" 985
"../../../Engine/Plugins/Interchange/Assets/Content/gltf/Textures/T_Anisotropy_Direction_Linear.uasset" 986
"../../../Engine/Plugins/Interchange/Assets/Content/gltf/Textures/T_Anisotropy_Direction_Linear.uexp" 987
"../../../Engine/Plugins/Interchange/Assets/Content/gltf/MaterialFunctions/MF_SpecularAnisotropy.uasset" 988
"../../../Engine/Plugins/Interchange/Assets/Content/gltf/MaterialFunctions/MF_SpecularAnisotropy.uexp" 989
"../../../Engine/Plugins/Interchange/Assets/Content/gltf/MaterialFunctions/MF_Emissive.uasset" 990
"../../../Engine/Plugins/Interchange/Assets/Content/gltf/MaterialFunctions/MF_Emissive.uexp" 991
"../../../Engine/Content/Functions/Engine_MaterialFunctions01/Texturing/FlattenNormal.uasset" 992
"../../../Engine/Content/Functions/Engine_MaterialFunctions01/Texturing/FlattenNormal.uexp" 993
"../../../Engine/Plugins/Interchange/Assets/Content/gltf/MaterialFunctions/MF_Clearcoat.uasset" 994
"../../../Engine/Plugins/Interchange/Assets/Content/gltf/MaterialFunctions/MF_Clearcoat.uexp" 995
"../../../Engine/Plugins/Interchange/Assets/Content/gltf/MaterialBodies/MF_ClearCoat_Body.uasset" 996
"../../../Engine/Plugins/Interchange/Assets/Content/gltf/MaterialBodies/MF_ClearCoat_Body.uexp" 997
"../../../Engine/Plugins/Interchange/Assets/Content/gltf/M_ClearCoat.uasset" 998
"../../../Engine/Plugins/Interchange/Assets/Content/gltf/M_ClearCoat.uexp" 999
"../../../Engine/Plugins/Interchange/Assets/Content/gltf/MaterialInstances/MI_ClearCoat_Blend.uasset" 1000
"../../../Engine/Plugins/Interchange/Assets/Content/gltf/MaterialInstances/MI_ClearCoat_Blend.uexp" 1001
"../../../Engine/Plugins/Interchange/Assets/Content/gltf/MaterialInstances/MI_ClearCoat_Blend_DS.uasset" 1002
"../../../Engine/Plugins/Interchange/Assets/Content/gltf/MaterialInstances/MI_ClearCoat_Blend_DS.uexp" 1003
"../../../Engine/Plugins/Interchange/Assets/Content/gltf/MaterialInstances/MI_ClearCoat_Mask.uasset" 1004
"../../../Engine/Plugins/Interchange/Assets/Content/gltf/MaterialInstances/MI_ClearCoat_Mask.uexp" 1005
"../../../Engine/Plugins/Interchange/Assets/Content/gltf/MaterialInstances/MI_ClearCoat_Mask_DS.uasset" 1006
"../../../Engine/Plugins/Interchange/Assets/Content/gltf/MaterialInstances/MI_ClearCoat_Mask_DS.uexp" 1007
"../../../Engine/Plugins/Interchange/Assets/Content/gltf/MaterialInstances/MI_ClearCoat_Opaque.uasset" 1008
"../../../Engine/Plugins/Interchange/Assets/Content/gltf/MaterialInstances/MI_ClearCoat_Opaque.uexp" 1009
"../../../Engine/Plugins/Interchange/Assets/Content/gltf/MaterialInstances/MI_ClearCoat_Opaque_DS.uasset" 1010
"../../../Engine/Plugins/Interchange/Assets/Content/gltf/MaterialInstances/MI_ClearCoat_Opaque_DS.uexp" 1011
"../../../Engine/Plugins/Interchange/Assets/Content/gltf/MaterialBodies/MF_Default_Body.uasset" 1012
"../../../Engine/Plugins/Interchange/Assets/Content/gltf/MaterialBodies/MF_Default_Body.uexp" 1013
"../../../Engine/Plugins/Interchange/Assets/Content/gltf/M_Default.uasset" 1014
"../../../Engine/Plugins/Interchange/Assets/Content/gltf/M_Default.uexp" 1015
"../../../Engine/Plugins/Interchange/Assets/Content/gltf/MaterialInstances/MI_Default_Blend.uasset" 1016
"../../../Engine/Plugins/Interchange/Assets/Content/gltf/MaterialInstances/MI_Default_Blend.uexp" 1017
"../../../Engine/Plugins/Interchange/Assets/Content/gltf/MaterialInstances/MI_Default_Blend_DS.uasset" 1018
"../../../Engine/Plugins/Interchange/Assets/Content/gltf/MaterialInstances/MI_Default_Blend_DS.uexp" 1019
"../../../Engine/Plugins/Interchange/Assets/Content/gltf/MaterialInstances/MI_Default_Mask.uasset" 1020
"../../../Engine/Plugins/Interchange/Assets/Content/gltf/MaterialInstances/MI_Default_Mask.uexp" 1021
"../../../Engine/Plugins/Interchange/Assets/Content/gltf/MaterialInstances/MI_Default_Mask_DS.uasset" 1022
"../../../Engine/Plugins/Interchange/Assets/Content/gltf/MaterialInstances/MI_Default_Mask_DS.uexp" 1023
"../../../Engine/Plugins/Interchange/Assets/Content/gltf/MaterialInstances/MI_Default_Opaque.uasset" 1024
"../../../Engine/Plugins/Interchange/Assets/Content/gltf/MaterialInstances/MI_Default_Opaque.uexp" 1025
"../../../Engine/Plugins/Interchange/Assets/Content/gltf/MaterialInstances/MI_Default_Opaque_DS.uasset" 1026
"../../../Engine/Plugins/Interchange/Assets/Content/gltf/MaterialInstances/MI_Default_Opaque_DS.uexp" 1027
"../../../Engine/Plugins/Interchange/Assets/Content/gltf/MaterialFunctions/MF_Sheen.uasset" 1028
"../../../Engine/Plugins/Interchange/Assets/Content/gltf/MaterialFunctions/MF_Sheen.uexp" 1029
"../../../Engine/Plugins/Interchange/Assets/Content/gltf/MaterialBodies/MF_Sheen_Body.uasset" 1030
"../../../Engine/Plugins/Interchange/Assets/Content/gltf/MaterialBodies/MF_Sheen_Body.uexp" 1031
"../../../Engine/Plugins/Interchange/Assets/Content/gltf/M_Sheen.uasset" 1032
"../../../Engine/Plugins/Interchange/Assets/Content/gltf/M_Sheen.uexp" 1033
"../../../Engine/Plugins/Interchange/Assets/Content/gltf/MaterialInstances/MI_Sheen_Blend.uasset" 1034
"../../../Engine/Plugins/Interchange/Assets/Content/gltf/MaterialInstances/MI_Sheen_Blend.uexp" 1035
"../../../Engine/Plugins/Interchange/Assets/Content/gltf/MaterialInstances/MI_Sheen_Blend_DS.uasset" 1036
"../../../Engine/Plugins/Interchange/Assets/Content/gltf/MaterialInstances/MI_Sheen_Blend_DS.uexp" 1037
"../../../Engine/Plugins/Interchange/Assets/Content/gltf/MaterialInstances/MI_Sheen_Mask.uasset" 1038
"../../../Engine/Plugins/Interchange/Assets/Content/gltf/MaterialInstances/MI_Sheen_Mask.uexp" 1039
"../../../Engine/Plugins/Interchange/Assets/Content/gltf/MaterialInstances/MI_Sheen_Mask_DS.uasset" 1040
"../../../Engine/Plugins/Interchange/Assets/Content/gltf/MaterialInstances/MI_Sheen_Mask_DS.uexp" 1041
"../../../Engine/Plugins/Interchange/Assets/Content/gltf/MaterialInstances/MI_Sheen_Opaque.uasset" 1042
"../../../Engine/Plugins/Interchange/Assets/Content/gltf/MaterialInstances/MI_Sheen_Opaque.uexp" 1043
"../../../Engine/Plugins/Interchange/Assets/Content/gltf/MaterialInstances/MI_Sheen_Opaque_DS.uasset" 1044
"../../../Engine/Plugins/Interchange/Assets/Content/gltf/MaterialInstances/MI_Sheen_Opaque_DS.uexp" 1045
"../../../Engine/Content/Functions/Engine_MaterialFunctions02/Math/AddComponents.uasset" 1046
"../../../Engine/Content/Functions/Engine_MaterialFunctions02/Math/AddComponents.uexp" 1047
"../../../Engine/Plugins/Interchange/Assets/Content/gltf/MaterialFunctions/MF_DiffuseSpecGloss.uasset" 1048
"../../../Engine/Plugins/Interchange/Assets/Content/gltf/MaterialFunctions/MF_DiffuseSpecGloss.uexp" 1049
"../../../Engine/Plugins/Interchange/Assets/Content/gltf/MaterialFunctions/MF_MaxComponentValue.uasset" 1050
"../../../Engine/Plugins/Interchange/Assets/Content/gltf/MaterialFunctions/MF_MaxComponentValue.uexp" 1051
"../../../Engine/Plugins/Interchange/Assets/Content/gltf/MaterialFunctions/MF_PerceivedBrightness.uasset" 1052
"../../../Engine/Plugins/Interchange/Assets/Content/gltf/MaterialFunctions/MF_PerceivedBrightness.uexp" 1053
"../../../Engine/Plugins/Interchange/Assets/Content/gltf/MaterialFunctions/MF_SpecGlossToMetalRoughness.uasset" 1054
"../../../Engine/Plugins/Interchange/Assets/Content/gltf/MaterialFunctions/MF_SpecGlossToMetalRoughness.uexp" 1055
"../../../Engine/Plugins/Interchange/Assets/Content/gltf/MaterialBodies/MF_SpecularGlossiness_Body.uasset" 1056
"../../../Engine/Plugins/Interchange/Assets/Content/gltf/MaterialBodies/MF_SpecularGlossiness_Body.uexp" 1057
"../../../Engine/Plugins/Interchange/Assets/Content/gltf/M_SpecularGlossiness.uasset" 1058
"../../../Engine/Plugins/Interchange/Assets/Content/gltf/M_SpecularGlossiness.uexp" 1059
"../../../Engine/Plugins/Interchange/Assets/Content/gltf/MaterialInstances/MI_SpecularGlossiness_Blend.uasset" 1060
"../../../Engine/Plugins/Interchange/Assets/Content/gltf/MaterialInstances/MI_SpecularGlossiness_Blend.uexp" 1061
"../../../Engine/Plugins/Interchange/Assets/Content/gltf/MaterialInstances/MI_SpecularGlossiness_Blend_DS.uasset" 1062
"../../../Engine/Plugins/Interchange/Assets/Content/gltf/MaterialInstances/MI_SpecularGlossiness_Blend_DS.uexp" 1063
"../../../Engine/Plugins/Interchange/Assets/Content/gltf/MaterialInstances/MI_SpecularGlossiness_Mask.uasset" 1064
"../../../Engine/Plugins/Interchange/Assets/Content/gltf/MaterialInstances/MI_SpecularGlossiness_Mask.uexp" 1065
"../../../Engine/Plugins/Interchange/Assets/Content/gltf/MaterialInstances/MI_SpecularGlossiness_Mask_DS.uasset" 1066
"../../../Engine/Plugins/Interchange/Assets/Content/gltf/MaterialInstances/MI_SpecularGlossiness_Mask_DS.uexp" 1067
"../../../Engine/Plugins/Interchange/Assets/Content/gltf/MaterialInstances/MI_SpecularGlossiness_Opaque.uasset" 1068
"../../../Engine/Plugins/Interchange/Assets/Content/gltf/MaterialInstances/MI_SpecularGlossiness_Opaque.uexp" 1069
"../../../Engine/Plugins/Interchange/Assets/Content/gltf/MaterialInstances/MI_SpecularGlossiness_Opaque_DS.uasset" 1070
"../../../Engine/Plugins/Interchange/Assets/Content/gltf/MaterialInstances/MI_SpecularGlossiness_Opaque_DS.uexp" 1071
"../../../Engine/Content/EngineMaterials/Good64x64TilingNoiseHighFreq.uasset" 1072
"../../../Engine/Content/EngineMaterials/Good64x64TilingNoiseHighFreq.uexp" 1073
"../../../Engine/Content/Functions/Engine_MaterialFunctions02/Texturing/ScreenAlignedPixelToPixelUVs.uasset" 1074
"../../../Engine/Content/Functions/Engine_MaterialFunctions02/Texturing/ScreenAlignedPixelToPixelUVs.uexp" 1075
"../../../Engine/Plugins/Interchange/Assets/Content/gltf/MaterialFunctions/MF_Fresnel_DS.uasset" 1076
"../../../Engine/Plugins/Interchange/Assets/Content/gltf/MaterialFunctions/MF_Fresnel_DS.uexp" 1077
"../../../Engine/Plugins/Interchange/Assets/Content/gltf/MaterialFunctions/MF_Temporal_Blur.uasset" 1078
"../../../Engine/Plugins/Interchange/Assets/Content/gltf/MaterialFunctions/MF_Temporal_Blur.uexp" 1079
"../../../Engine/Plugins/Interchange/Assets/Content/gltf/MaterialFunctions/MF_Transmission.uasset" 1080
"../../../Engine/Plugins/Interchange/Assets/Content/gltf/MaterialFunctions/MF_Transmission.uexp" 1081
"../../../Engine/Plugins/Interchange/Assets/Content/gltf/MaterialBodies/MF_Transmission_Body.uasset" 1082
"../../../Engine/Plugins/Interchange/Assets/Content/gltf/MaterialBodies/MF_Transmission_Body.uexp" 1083
"../../../Engine/Plugins/Interchange/Assets/Content/gltf/M_Transmission.uasset" 1084
"../../../Engine/Plugins/Interchange/Assets/Content/gltf/M_Transmission.uexp" 1085
"../../../Engine/Plugins/Interchange/Assets/Content/gltf/MaterialInstances/MI_Transmission.uasset" 1086
"../../../Engine/Plugins/Interchange/Assets/Content/gltf/MaterialInstances/MI_Transmission.uexp" 1087
"../../../Engine/Plugins/Interchange/Assets/Content/gltf/MaterialInstances/MI_Transmission_DS.uasset" 1088
"../../../Engine/Plugins/Interchange/Assets/Content/gltf/MaterialInstances/MI_Transmission_DS.uexp" 1089
"../../../Engine/Plugins/Interchange/Assets/Content/gltf/MaterialBodies/MF_Unlit_Body.uasset" 1090
"../../../Engine/Plugins/Interchange/Assets/Content/gltf/MaterialBodies/MF_Unlit_Body.uexp" 1091
"../../../Engine/Plugins/Interchange/Assets/Content/gltf/M_Unlit.uasset" 1092
"../../../Engine/Plugins/Interchange/Assets/Content/gltf/M_Unlit.uexp" 1093
"../../../Engine/Plugins/Interchange/Assets/Content/gltf/MaterialInstances/MI_Unlit_Blend.uasset" 1094
"../../../Engine/Plugins/Interchange/Assets/Content/gltf/MaterialInstances/MI_Unlit_Blend.uexp" 1095
"../../../Engine/Plugins/Interchange/Assets/Content/gltf/MaterialInstances/MI_Unlit_Blend_DS.uasset" 1096
"../../../Engine/Plugins/Interchange/Assets/Content/gltf/MaterialInstances/MI_Unlit_Blend_DS.uexp" 1097
"../../../Engine/Plugins/Interchange/Assets/Content/gltf/MaterialInstances/MI_Unlit_Mask.uasset" 1098
"../../../Engine/Plugins/Interchange/Assets/Content/gltf/MaterialInstances/MI_Unlit_Mask.uexp" 1099
"../../../Engine/Plugins/Interchange/Assets/Content/gltf/MaterialInstances/MI_Unlit_Mask_DS.uasset" 1100
"../../../Engine/Plugins/Interchange/Assets/Content/gltf/MaterialInstances/MI_Unlit_Mask_DS.uexp" 1101
"../../../Engine/Plugins/Interchange/Assets/Content/gltf/MaterialInstances/MI_Unlit_Opaque.uasset" 1102
"../../../Engine/Plugins/Interchange/Assets/Content/gltf/MaterialInstances/MI_Unlit_Opaque.uexp" 1103
"../../../Engine/Plugins/Interchange/Assets/Content/gltf/MaterialInstances/MI_Unlit_Opaque_DS.uasset" 1104
"../../../Engine/Plugins/Interchange/Assets/Content/gltf/MaterialInstances/MI_Unlit_Opaque_DS.uexp" 1105
"../../../Engine/Content/EngineResources/WhiteSquareTexture.uasset" 1106
"../../../Engine/Content/EngineResources/WhiteSquareTexture.uexp" 1107
"../../../Engine/Content/EngineMaterials/Widget3DPassThrough.uasset" 1108
"../../../Engine/Content/EngineMaterials/Widget3DPassThrough.uexp" 1109
"../../../Engine/Content/EngineMaterials/Widget3DPassThrough_Masked.uasset" 1110
"../../../Engine/Content/EngineMaterials/Widget3DPassThrough_Masked.uexp" 1111
"../../../Engine/Content/EngineMaterials/Widget3DPassThrough_Opaque.uasset" 1112
"../../../Engine/Content/EngineMaterials/Widget3DPassThrough_Opaque.uexp" 1113
"../../../Engine/Content/EngineMaterials/Widget3DPassThrough_Masked_OneSided.uasset" 1114
"../../../Engine/Content/EngineMaterials/Widget3DPassThrough_Masked_OneSided.uexp" 1115
"../../../Engine/Content/EngineMaterials/Widget3DPassThrough_Opaque_OneSided.uasset" 1116
"../../../Engine/Content/EngineMaterials/Widget3DPassThrough_Opaque_OneSided.uexp" 1117
"../../../Engine/Content/EngineMaterials/Widget3DPassThrough_Translucent.uasset" 1118
"../../../Engine/Content/EngineMaterials/Widget3DPassThrough_Translucent.uexp" 1119
"../../../Engine/Content/EngineMaterials/Widget3DPassThrough_Translucent_OneSided.uasset" 1120
"../../../Engine/Content/EngineMaterials/Widget3DPassThrough_Translucent_OneSided.uexp" 1121
"../../../Engine/Content/EngineResources/LandscapeVisibilityLayerInfo.uasset" 1122
"../../../Engine/Content/EngineResources/LandscapeVisibilityLayerInfo.uexp" 1123
"../../../Engine/Content/VREditor/Sounds/UI/Drop_Item_From_ContentBrowser.ubulk" 1124
"../../../Engine/Content/VREditor/Sounds/UI/Drop_Item_From_ContentBrowser.uasset" 1125
"../../../Engine/Content/VREditor/Sounds/UI/Drop_Item_From_ContentBrowser.uexp" 1126
"../../../Engine/Content/VREditor/TransformGizmo/TransformGizmoMaterial_Inst.uasset" 1127
"../../../Engine/Content/VREditor/TransformGizmo/TransformGizmoMaterial_Inst.uexp" 1128
"../../../Engine/Content/VREditor/TransformGizmo/TranslucentTransformGizmoMaterial_Inst.uasset" 1129
"../../../Engine/Content/VREditor/TransformGizmo/TranslucentTransformGizmoMaterial_Inst.uexp" 1130
"../../../Engine/Content/VREditor/TransformGizmo/UniformScaleHandle.ubulk" 1131
"../../../Engine/Content/VREditor/TransformGizmo/UniformScaleHandle.uasset" 1132
"../../../Engine/Content/VREditor/TransformGizmo/UniformScaleHandle.uexp" 1133
"../../../Engine/Content/VREditor/TransformGizmo/TranslateArrowHandle.ubulk" 1134
"../../../Engine/Content/VREditor/TransformGizmo/TranslateArrowHandle.uasset" 1135
"../../../Engine/Content/VREditor/TransformGizmo/TranslateArrowHandle.uexp" 1136
"../../../Engine/Content/VREditor/TransformGizmo/TransformGizmoFreeRotation.ubulk" 1137
"../../../Engine/Content/VREditor/TransformGizmo/TransformGizmoFreeRotation.uasset" 1138
"../../../Engine/Content/VREditor/TransformGizmo/TransformGizmoFreeRotation.uexp" 1139
"../../../Engine/Content/VREditor/TransformGizmo/StartRotationHandleIndicator.ubulk" 1140
"../../../Engine/Content/VREditor/TransformGizmo/StartRotationHandleIndicator.uasset" 1141
"../../../Engine/Content/VREditor/TransformGizmo/StartRotationHandleIndicator.uexp" 1142
"../../../Engine/Content/VREditor/TransformGizmo/RotationHandleQuarter.ubulk" 1143
"../../../Engine/Content/VREditor/TransformGizmo/RotationHandleQuarter.uasset" 1144
"../../../Engine/Content/VREditor/TransformGizmo/RotationHandleQuarter.uexp" 1145
"../../../Engine/Content/VREditor/TransformGizmo/RotationHandleIndicator.ubulk" 1146
"../../../Engine/Content/VREditor/TransformGizmo/RotationHandleIndicator.uasset" 1147
"../../../Engine/Content/VREditor/TransformGizmo/RotationHandleIndicator.uexp" 1148
"../../../Engine/Content/VREditor/TransformGizmo/RotationHandleFull.ubulk" 1149
"../../../Engine/Content/VREditor/TransformGizmo/RotationHandleFull.uasset" 1150
"../../../Engine/Content/VREditor/TransformGizmo/RotationHandleFull.uexp" 1151
"../../../Engine/Content/VREditor/TransformGizmo/PlaneTranslationHandle.ubulk" 1152
"../../../Engine/Content/VREditor/TransformGizmo/PlaneTranslationHandle.uasset" 1153
"../../../Engine/Content/VREditor/TransformGizmo/PlaneTranslationHandle.uexp" 1154
"../../../Engine/Content/Functions/Engine_MaterialFunctions02/SplitComponents.uasset" 1155
"../../../Engine/Content/Functions/Engine_MaterialFunctions02/SplitComponents.uexp" 1156
"../../../Engine/Content/VREditor/SnapGrid/SnapGridMaterial.uasset" 1157
"../../../Engine/Content/VREditor/SnapGrid/SnapGridMaterial.uexp" 1158
"../../../Engine/Content/VREditor/SnapGrid/SnapGridPlaneMesh.ubulk" 1159
"../../../Engine/Content/VREditor/SnapGrid/SnapGridPlaneMesh.uasset" 1160
"../../../Engine/Content/VREditor/SnapGrid/SnapGridPlaneMesh.uexp" 1161
"../../../Engine/Content/VREditor/Sounds/UI/Gizmo_Handle_Clicked.ubulk" 1162
"../../../Engine/Content/VREditor/Sounds/UI/Gizmo_Handle_Clicked.uasset" 1163
"../../../Engine/Content/VREditor/Sounds/UI/Gizmo_Handle_Clicked.uexp" 1164
"../../../Engine/Content/VREditor/Sounds/UI/Object_PickUp.ubulk" 1165
"../../../Engine/Content/VREditor/Sounds/UI/Object_PickUp.uasset" 1166
"../../../Engine/Content/VREditor/Sounds/UI/Object_PickUp.uexp" 1167
"../../../Engine/Content/VREditor/Sounds/UI/Object_Snaps_To_Another_Actor.ubulk" 1168
"../../../Engine/Content/VREditor/Sounds/UI/Object_Snaps_To_Another_Actor.uasset" 1169
"../../../Engine/Content/VREditor/Sounds/UI/Object_Snaps_To_Another_Actor.uexp" 1170
"../../../Engine/Content/VREditor/Sounds/UI/Object_Snaps_To_Grid.ubulk" 1171
"../../../Engine/Content/VREditor/Sounds/UI/Object_Snaps_To_Grid.uasset" 1172
"../../../Engine/Content/VREditor/Sounds/UI/Object_Snaps_To_Grid.uexp" 1173
"../../../Engine/Content/VREditor/Sounds/UI/Scaling_Down.ubulk" 1174
"../../../Engine/Content/VREditor/Sounds/UI/Scaling_Down.uasset" 1175
"../../../Engine/Content/VREditor/Sounds/UI/Scaling_Down.uexp" 1176
"../../../Engine/Content/VREditor/Sounds/UI/Scaling_Up.ubulk" 1177
"../../../Engine/Content/VREditor/Sounds/UI/Scaling_Up.uasset" 1178
"../../../Engine/Content/VREditor/Sounds/UI/Scaling_Up.uexp" 1179
"../../../Engine/Content/VREditor/Sounds/UI/Selection_Changes.ubulk" 1180
"../../../Engine/Content/VREditor/Sounds/UI/Selection_Changes.uasset" 1181
"../../../Engine/Content/VREditor/Sounds/UI/Selection_Changes.uexp" 1182
"../../../Engine/Content/EditorLandscapeResources/ColorMaskBrushMaterial.uasset" 1183
"../../../Engine/Content/EditorLandscapeResources/ColorMaskBrushMaterial.uexp" 1184
"../../../Engine/Content/EditorLandscapeResources/ColorMaskBrushMaterial_MaskedRegion.uasset" 1185
"../../../Engine/Content/EditorLandscapeResources/ColorMaskBrushMaterial_MaskedRegion.uexp" 1186
"../../../Engine/Content/Functions/Engine_MaterialFunctions03/Math/WithinRangeFloat2.uasset" 1187
"../../../Engine/Content/Functions/Engine_MaterialFunctions03/Math/WithinRangeFloat2.uexp" 1188
"../../../Engine/Content/EditorLandscapeResources/MaskBrushMaterial.uasset" 1189
"../../../Engine/Content/EditorLandscapeResources/MaskBrushMaterial.uexp" 1190
"../../../Engine/Content/EditorLandscapeResources/MaskBrushMaterial_MaskedRegion.uasset" 1191
"../../../Engine/Content/EditorLandscapeResources/MaskBrushMaterial_MaskedRegion.uexp" 1192
"../../../Engine/Content/EditorLandscapeResources/SelectBrushMaterial.uasset" 1193
"../../../Engine/Content/EditorLandscapeResources/SelectBrushMaterial.uexp" 1194
"../../../Engine/Content/EditorLandscapeResources/SelectBrushMaterial_Selected.uasset" 1195
"../../../Engine/Content/EditorLandscapeResources/SelectBrushMaterial_Selected.uexp" 1196
"../../../Engine/Content/EditorLandscapeResources/SelectBrushMaterial_SelectedRegion.uasset" 1197
"../../../Engine/Content/EditorLandscapeResources/SelectBrushMaterial_SelectedRegion.uexp" 1198
"../../../Engine/Plugins/NNE/NNEDenoiser/Content/NNE_oidn2-3-0_rt_hdr_alb_nrm_small__dyn__fp16_opset11_DenoiseAlpha.uasset" 1199
"../../../Engine/Plugins/NNE/NNEDenoiser/Content/NNE_oidn2-3-0_rt_hdr_alb_nrm_small__dyn__fp16_opset11_DenoiseAlpha.uexp" 1200
"../../../Engine/Plugins/NNE/NNEDenoiser/Content/NNE_oidn2-3-0_rt_hdr_alb_nrm_small__dyn__fp16_opset11_ForwardAlpha.uasset" 1201
"../../../Engine/Plugins/NNE/NNEDenoiser/Content/NNE_oidn2-3-0_rt_hdr_alb_nrm_small__dyn__fp16_opset11_ForwardAlpha.uexp" 1202
"../../../Engine/Plugins/NNE/NNEDenoiser/Content/NNE_oidn2-3-0_rt_hdr_alb_nrm__dyn__fp16_opset11_DenoiseAlpha.uasset" 1203
"../../../Engine/Plugins/NNE/NNEDenoiser/Content/NNE_oidn2-3-0_rt_hdr_alb_nrm__dyn__fp16_opset11_DenoiseAlpha.uexp" 1204
"../../../Engine/Plugins/NNE/NNEDenoiser/Content/NNE_oidn2-3-0_rt_hdr_alb_nrm__dyn__fp16_opset11_ForwardAlpha.uasset" 1205
"../../../Engine/Plugins/NNE/NNEDenoiser/Content/NNE_oidn2-3-0_rt_hdr_alb_nrm__dyn__fp16_opset11_ForwardAlpha.uexp" 1206
"../../../Engine/Plugins/NNE/NNEDenoiser/Content/NNE_oidn2-3-0_rt_hdr_calb_cnrm_large__dyn__fp16_opset11_DenoiseAlpha.uasset" 1207
"../../../Engine/Plugins/NNE/NNEDenoiser/Content/NNE_oidn2-3-0_rt_hdr_calb_cnrm_large__dyn__fp16_opset11_DenoiseAlpha.uexp" 1208
"../../../Engine/Plugins/NNE/NNEDenoiser/Content/NNE_oidn2-3-0_rt_hdr_calb_cnrm_large__dyn__fp16_opset11_ForwardAlpha.uasset" 1209
"../../../Engine/Plugins/NNE/NNEDenoiser/Content/NNE_oidn2-3-0_rt_hdr_calb_cnrm_large__dyn__fp16_opset11_ForwardAlpha.uexp" 1210
"../../../Engine/Plugins/2D/Paper2D/Content/DefaultSpriteMaterial.uasset" 1211
"../../../Engine/Plugins/2D/Paper2D/Content/DefaultSpriteMaterial.uexp" 1212
"../../../Engine/Plugins/2D/Paper2D/Content/MaskedUnlitSpriteMaterial.uasset" 1213
"../../../Engine/Plugins/2D/Paper2D/Content/MaskedUnlitSpriteMaterial.uexp" 1214
"../../../Engine/Plugins/2D/Paper2D/Content/OpaqueUnlitSpriteMaterial.uasset" 1215
"../../../Engine/Plugins/2D/Paper2D/Content/OpaqueUnlitSpriteMaterial.uexp" 1216
"../../../Engine/Plugins/Animation/DeformerGraph/Content/DeformerFunctions/DG_Function_LinearBlendSkin_Morph_Cloth.uasset" 1217
"../../../Engine/Plugins/Animation/DeformerGraph/Content/DeformerFunctions/DG_Function_LinearBlendSkin_Morph_Cloth.uexp" 1218
"../../../Engine/Plugins/Animation/DeformerGraph/Content/Deformers/DG_LinearBlendSkin_Morph_Cloth.uasset" 1219
"../../../Engine/Plugins/Animation/DeformerGraph/Content/Deformers/DG_LinearBlendSkin_Morph_Cloth.uexp" 1220
"../../../Engine/Plugins/Animation/DeformerGraph/Content/DeformerFunctions/DG_Function_LinearBlendSkin_Morph_Cloth_PositionOnly.uasset" 1221
"../../../Engine/Plugins/Animation/DeformerGraph/Content/DeformerFunctions/DG_Function_LinearBlendSkin_Morph_Cloth_PositionOnly.uexp" 1222
"../../../Engine/Plugins/Animation/DeformerGraph/Content/DeformerFunctions/DG_Function_ComputeNormalsTangents.uasset" 1223
"../../../Engine/Plugins/Animation/DeformerGraph/Content/DeformerFunctions/DG_Function_ComputeNormalsTangents.uexp" 1224
"../../../Engine/Plugins/Animation/DeformerGraph/Content/Deformers/DG_LinearBlendSkin_Morph_Cloth_RecomputeNormals.uasset" 1225
"../../../Engine/Plugins/Animation/DeformerGraph/Content/Deformers/DG_LinearBlendSkin_Morph_Cloth_RecomputeNormals.uexp" 1226
"../../../Engine/Plugins/NNE/NNEDenoiser/Content/NNEDT_Oidn2-3_Balanced.uasset" 1227
"../../../Engine/Plugins/NNE/NNEDenoiser/Content/NNEDT_Oidn2-3_Balanced.uexp" 1228
"../../../Engine/Plugins/NNE/NNEDenoiser/Content/NNEDT_Oidn2-3_Balanced_Alpha.uasset" 1229
"../../../Engine/Plugins/NNE/NNEDenoiser/Content/NNEDT_Oidn2-3_Balanced_Alpha.uexp" 1230
"../../../Engine/Plugins/NNE/NNEDenoiser/Content/NNED_Oidn2-3_Balanced.uasset" 1231
"../../../Engine/Plugins/NNE/NNEDenoiser/Content/NNED_Oidn2-3_Balanced.uexp" 1232
"../../../Engine/Plugins/NNE/NNEDenoiser/Content/NNED_Oidn2-3_Balanced_Alpha.uasset" 1233
"../../../Engine/Plugins/NNE/NNEDenoiser/Content/NNED_Oidn2-3_Balanced_Alpha.uexp" 1234
"../../../Engine/Plugins/NNE/NNEDenoiser/Content/NNED_Oidn2-3_Fast.uasset" 1235
"../../../Engine/Plugins/NNE/NNEDenoiser/Content/NNED_Oidn2-3_Fast.uexp" 1236
"../../../Engine/Plugins/NNE/NNEDenoiser/Content/NNED_Oidn2-3_Fast_Alpha.uasset" 1237
"../../../Engine/Plugins/NNE/NNEDenoiser/Content/NNED_Oidn2-3_Fast_Alpha.uexp" 1238
"../../../Engine/Plugins/NNE/NNEDenoiser/Content/NNED_Oidn2-3_HighQuality.uasset" 1239
"../../../Engine/Plugins/NNE/NNEDenoiser/Content/NNED_Oidn2-3_HighQuality.uexp" 1240
"../../../Engine/Plugins/NNE/NNEDenoiser/Content/NNED_Oidn2-3_HighQuality_Alpha.uasset" 1241
"../../../Engine/Plugins/NNE/NNEDenoiser/Content/NNED_Oidn2-3_HighQuality_Alpha.uexp" 1242
"../../../Engine/Content/Maps/Entry_BuiltData.uasset" 1243
"../../../Engine/Content/Maps/Entry_BuiltData.uexp" 1244
"../../../Engine/Content/Maps/Entry.uexp" 1245
"../../../Engine/Content/Maps/Entry.umap" 1246
"../../../Engine/Content/EngineSky/T_Sky_Stars.ubulk" 1247
"../../../Engine/Content/EngineSky/T_Sky_Stars.uasset" 1248
"../../../Engine/Content/EngineSky/T_Sky_Stars.uexp" 1249
"../../../Engine/Content/EngineSky/T_Sky_Clouds_M.ubulk" 1250
"../../../Engine/Content/EngineSky/T_Sky_Clouds_M.uasset" 1251
"../../../Engine/Content/EngineSky/T_Sky_Clouds_M.uexp" 1252
"../../../Engine/Content/EngineSky/T_Sky_Blue.ubulk" 1253
"../../../Engine/Content/EngineSky/T_Sky_Blue.uasset" 1254
"../../../Engine/Content/EngineSky/T_Sky_Blue.uexp" 1255
"../../../Engine/Content/EngineSky/M_Sky_Panning_Clouds2.uasset" 1256
"../../../Engine/Content/EngineSky/M_Sky_Panning_Clouds2.uexp" 1257
"../../../Engine/Content/EngineSky/SM_SkySphere.ubulk" 1258
"../../../Engine/Content/EngineSky/SM_SkySphere.uasset" 1259
"../../../Engine/Content/EngineSky/SM_SkySphere.uexp" 1260
"../../../Engine/Content/EngineSky/M_SimpleSkyDome.uasset" 1261
"../../../Engine/Content/EngineSky/M_SimpleSkyDome.uexp" 1262
"../../../Engine/Content/MapTemplates/SM_Template_Map_Floor.ubulk" 1263
"../../../Engine/Content/MapTemplates/SM_Template_Map_Floor.uasset" 1264
"../../../Engine/Content/MapTemplates/SM_Template_Map_Floor.uexp" 1265
"../../../Engine/Content/EngineSky/VolumetricClouds/VT_PerlinWorley_Balanced.uasset" 1266
"../../../Engine/Content/EngineSky/VolumetricClouds/VT_PerlinWorley_Balanced.uexp" 1267
"../../../Engine/Content/EngineSky/VolumetricClouds/T_Profile_08.ubulk" 1268
"../../../Engine/Content/EngineSky/VolumetricClouds/T_Profile_08.uasset" 1269
"../../../Engine/Content/EngineSky/VolumetricClouds/T_Profile_08.uexp" 1270
"../../../Engine/Content/EngineSky/VolumetricClouds/T_CloudPattern.ubulk" 1271
"../../../Engine/Content/EngineSky/VolumetricClouds/T_CloudPattern.uasset" 1272
"../../../Engine/Content/EngineSky/VolumetricClouds/T_CloudPattern.uexp" 1273
"../../../Engine/Content/EngineSky/VolumetricClouds/T_CloudMask.ubulk" 1274
"../../../Engine/Content/EngineSky/VolumetricClouds/T_CloudMask.uasset" 1275
"../../../Engine/Content/EngineSky/VolumetricClouds/T_CloudMask.uexp" 1276
"../../../Engine/Content/Functions/Engine_MaterialFunctions02/Utility/BreakOutFloat4Components.uasset" 1277
"../../../Engine/Content/Functions/Engine_MaterialFunctions02/Utility/BreakOutFloat4Components.uexp" 1278
"../../../Engine/Content/Functions/Engine_MaterialFunctions02/Utility/MakeFloat4.uasset" 1279
"../../../Engine/Content/Functions/Engine_MaterialFunctions02/Utility/MakeFloat4.uexp" 1280
"../../../Engine/Content/EngineResources/DefaultVolumeTexture2D.uasset" 1281
"../../../Engine/Content/EngineResources/DefaultVolumeTexture2D.uexp" 1282
"../../../Engine/Content/EngineResources/DefaultVolumeTexture.uasset" 1283
"../../../Engine/Content/EngineResources/DefaultVolumeTexture.uexp" 1284
"../../../Engine/Content/EngineSky/VolumetricClouds/VT_Lightning.uasset" 1285
"../../../Engine/Content/EngineSky/VolumetricClouds/VT_Lightning.uexp" 1286
"../../../Engine/Content/Functions/Engine_MaterialFunctions01/Units/Km-to-Cm.uasset" 1287
"../../../Engine/Content/Functions/Engine_MaterialFunctions01/Units/Km-to-Cm.uexp" 1288
"../../../Engine/Content/EngineSky/VolumetricClouds/m_SimpleVolumetricCloud.uasset" 1289
"../../../Engine/Content/EngineSky/VolumetricClouds/m_SimpleVolumetricCloud.uexp" 1290
"../../../Engine/Content/EngineSky/VolumetricClouds/m_SimpleVolumetricCloud_Inst.uasset" 1291
"../../../Engine/Content/EngineSky/VolumetricClouds/m_SimpleVolumetricCloud_Inst.uexp" 1292
"C:/Users/Nate/Documents/Unreal Projects/Feature_Simonton_Nat/Content/Models/WhispyWoods/WhispyBody5.ubulk" 1293
"C:/Users/Nate/Documents/Unreal Projects/Feature_Simonton_Nat/Content/Models/WhispyWoods/WhispyBody5.uasset" 1294
"C:/Users/Nate/Documents/Unreal Projects/Feature_Simonton_Nat/Content/Models/WhispyWoods/WhispyBody5.uexp" 1295
"C:/Users/Nate/Documents/Unreal Projects/Feature_Simonton_Nat/Content/Models/WhispyWoods/WhispyMatC.uasset" 1296
"C:/Users/Nate/Documents/Unreal Projects/Feature_Simonton_Nat/Content/Models/WhispyWoods/WhispyMatC.uexp" 1297
"C:/Users/Nate/Documents/Unreal Projects/Feature_Simonton_Nat/Content/Models/DesertBackground/DE_Remains03_01.ubulk" 1298
"C:/Users/Nate/Documents/Unreal Projects/Feature_Simonton_Nat/Content/Models/DesertBackground/DE_Remains03_01.uasset" 1299
"C:/Users/Nate/Documents/Unreal Projects/Feature_Simonton_Nat/Content/Models/DesertBackground/DE_Remains03_01.uexp" 1300
"C:/Users/Nate/Documents/Unreal Projects/Feature_Simonton_Nat/Content/Models/DesertBackground/DE_Remains03_011.uasset" 1301
"C:/Users/Nate/Documents/Unreal Projects/Feature_Simonton_Nat/Content/Models/DesertBackground/DE_Remains03_011.uexp" 1302
"C:/Users/Nate/Documents/Unreal Projects/Feature_Simonton_Nat/Content/Models/DesertBackground/DE_Ground02_01.ubulk" 1303
"C:/Users/Nate/Documents/Unreal Projects/Feature_Simonton_Nat/Content/Models/DesertBackground/DE_Ground02_01.uasset" 1304
"C:/Users/Nate/Documents/Unreal Projects/Feature_Simonton_Nat/Content/Models/DesertBackground/DE_Ground02_01.uexp" 1305
"C:/Users/Nate/Documents/Unreal Projects/Feature_Simonton_Nat/Content/Models/DesertBackground/DE_Ground02_011.uasset" 1306
"C:/Users/Nate/Documents/Unreal Projects/Feature_Simonton_Nat/Content/Models/DesertBackground/DE_Ground02_011.uexp" 1307
"C:/Users/Nate/Documents/Unreal Projects/Feature_Simonton_Nat/Content/Models/DesertBackground/DE_Syugo01_01.ubulk" 1308
"C:/Users/Nate/Documents/Unreal Projects/Feature_Simonton_Nat/Content/Models/DesertBackground/DE_Syugo01_01.uasset" 1309
"C:/Users/Nate/Documents/Unreal Projects/Feature_Simonton_Nat/Content/Models/DesertBackground/DE_Syugo01_01.uexp" 1310
"C:/Users/Nate/Documents/Unreal Projects/Feature_Simonton_Nat/Content/Models/DesertBackground/DE_Syugo01_011.uasset" 1311
"C:/Users/Nate/Documents/Unreal Projects/Feature_Simonton_Nat/Content/Models/DesertBackground/DE_Syugo01_011.uexp" 1312
"C:/Users/Nate/Documents/Unreal Projects/Feature_Simonton_Nat/Content/Models/DesertBackground/DE_Smoke01_01.ubulk" 1313
"C:/Users/Nate/Documents/Unreal Projects/Feature_Simonton_Nat/Content/Models/DesertBackground/DE_Smoke01_01.uasset" 1314
"C:/Users/Nate/Documents/Unreal Projects/Feature_Simonton_Nat/Content/Models/DesertBackground/DE_Smoke01_01.uexp" 1315
"C:/Users/Nate/Documents/Unreal Projects/Feature_Simonton_Nat/Content/Models/DesertBackground/DE_Smoke01_011.uasset" 1316
"C:/Users/Nate/Documents/Unreal Projects/Feature_Simonton_Nat/Content/Models/DesertBackground/DE_Smoke01_011.uexp" 1317
"C:/Users/Nate/Documents/Unreal Projects/Feature_Simonton_Nat/Content/Models/DesertBackground/DE_Sky01_01.ubulk" 1318
"C:/Users/Nate/Documents/Unreal Projects/Feature_Simonton_Nat/Content/Models/DesertBackground/DE_Sky01_01.uasset" 1319
"C:/Users/Nate/Documents/Unreal Projects/Feature_Simonton_Nat/Content/Models/DesertBackground/DE_Sky01_01.uexp" 1320
"C:/Users/Nate/Documents/Unreal Projects/Feature_Simonton_Nat/Content/Models/DesertBackground/DE_Sky01_011.uasset" 1321
"C:/Users/Nate/Documents/Unreal Projects/Feature_Simonton_Nat/Content/Models/DesertBackground/DE_Sky01_011.uexp" 1322
"C:/Users/Nate/Documents/Unreal Projects/Feature_Simonton_Nat/Content/Models/DesertBackground/DE_Sandbox01_01.ubulk" 1323
"C:/Users/Nate/Documents/Unreal Projects/Feature_Simonton_Nat/Content/Models/DesertBackground/DE_Sandbox01_01.uasset" 1324
"C:/Users/Nate/Documents/Unreal Projects/Feature_Simonton_Nat/Content/Models/DesertBackground/DE_Sandbox01_01.uexp" 1325
"C:/Users/Nate/Documents/Unreal Projects/Feature_Simonton_Nat/Content/Models/DesertBackground/DE_Sandbox01_011.uasset" 1326
"C:/Users/Nate/Documents/Unreal Projects/Feature_Simonton_Nat/Content/Models/DesertBackground/DE_Sandbox01_011.uexp" 1327
"C:/Users/Nate/Documents/Unreal Projects/Feature_Simonton_Nat/Content/Models/DesertBackground/DE_Cloud02_01.ubulk" 1328
"C:/Users/Nate/Documents/Unreal Projects/Feature_Simonton_Nat/Content/Models/DesertBackground/DE_Cloud02_01.uasset" 1329
"C:/Users/Nate/Documents/Unreal Projects/Feature_Simonton_Nat/Content/Models/DesertBackground/DE_Cloud02_01.uexp" 1330
"C:/Users/Nate/Documents/Unreal Projects/Feature_Simonton_Nat/Content/Models/DesertBackground/DE_Cloud02_011.uasset" 1331
"C:/Users/Nate/Documents/Unreal Projects/Feature_Simonton_Nat/Content/Models/DesertBackground/DE_Cloud02_011.uexp" 1332
"C:/Users/Nate/Documents/Unreal Projects/Feature_Simonton_Nat/Content/Models/DesertBackground/DE_Driftsand01_01.ubulk" 1333
"C:/Users/Nate/Documents/Unreal Projects/Feature_Simonton_Nat/Content/Models/DesertBackground/DE_Driftsand01_01.uasset" 1334
"C:/Users/Nate/Documents/Unreal Projects/Feature_Simonton_Nat/Content/Models/DesertBackground/DE_Driftsand01_01.uexp" 1335
"C:/Users/Nate/Documents/Unreal Projects/Feature_Simonton_Nat/Content/Models/DesertBackground/DE_Driftsand01_011.uasset" 1336
"C:/Users/Nate/Documents/Unreal Projects/Feature_Simonton_Nat/Content/Models/DesertBackground/DE_Driftsand01_011.uexp" 1337
"C:/Users/Nate/Documents/Unreal Projects/Feature_Simonton_Nat/Content/Models/DesertBackground/DE_Fountain_01_01.ubulk" 1338
"C:/Users/Nate/Documents/Unreal Projects/Feature_Simonton_Nat/Content/Models/DesertBackground/DE_Fountain_01_01.uasset" 1339
"C:/Users/Nate/Documents/Unreal Projects/Feature_Simonton_Nat/Content/Models/DesertBackground/DE_Fountain_01_01.uexp" 1340
"C:/Users/Nate/Documents/Unreal Projects/Feature_Simonton_Nat/Content/Models/DesertBackground/DE_Fountain_01_011.uasset" 1341
"C:/Users/Nate/Documents/Unreal Projects/Feature_Simonton_Nat/Content/Models/DesertBackground/DE_Fountain_01_011.uexp" 1342
"C:/Users/Nate/Documents/Unreal Projects/Feature_Simonton_Nat/Content/Models/DesertBackground/DE_Fountain_01_02.uasset" 1343
"C:/Users/Nate/Documents/Unreal Projects/Feature_Simonton_Nat/Content/Models/DesertBackground/DE_Fountain_01_02.uexp" 1344
"C:/Users/Nate/Documents/Unreal Projects/Feature_Simonton_Nat/Content/Models/DesertBackground/DE_Fountain_01_03.uasset" 1345
"C:/Users/Nate/Documents/Unreal Projects/Feature_Simonton_Nat/Content/Models/DesertBackground/DE_Fountain_01_03.uexp" 1346
"C:/Users/Nate/Documents/Unreal Projects/Feature_Simonton_Nat/Content/Models/DesertBackground/DE_Fountain_02_01.ubulk" 1347
"C:/Users/Nate/Documents/Unreal Projects/Feature_Simonton_Nat/Content/Models/DesertBackground/DE_Fountain_02_01.uasset" 1348
"C:/Users/Nate/Documents/Unreal Projects/Feature_Simonton_Nat/Content/Models/DesertBackground/DE_Fountain_02_01.uexp" 1349
"C:/Users/Nate/Documents/Unreal Projects/Feature_Simonton_Nat/Content/Models/DesertBackground/DE_Fountain_02_011.uasset" 1350
"C:/Users/Nate/Documents/Unreal Projects/Feature_Simonton_Nat/Content/Models/DesertBackground/DE_Fountain_02_011.uexp" 1351
"C:/Users/Nate/Documents/Unreal Projects/Feature_Simonton_Nat/Content/Models/DesertBackground/DE_Ground01_01.uasset" 1352
"C:/Users/Nate/Documents/Unreal Projects/Feature_Simonton_Nat/Content/Models/DesertBackground/DE_Ground01_01.uexp" 1353
"C:/Users/Nate/Documents/Unreal Projects/Feature_Simonton_Nat/Content/Models/DesertBackground/DE_Ground01_011.uasset" 1354
"C:/Users/Nate/Documents/Unreal Projects/Feature_Simonton_Nat/Content/Models/DesertBackground/DE_Ground01_011.uexp" 1355
"C:/Users/Nate/Documents/Unreal Projects/Feature_Simonton_Nat/Content/Models/DesertBackground/DE_Pyramid01_01.ubulk" 1356
"C:/Users/Nate/Documents/Unreal Projects/Feature_Simonton_Nat/Content/Models/DesertBackground/DE_Pyramid01_01.uasset" 1357
"C:/Users/Nate/Documents/Unreal Projects/Feature_Simonton_Nat/Content/Models/DesertBackground/DE_Pyramid01_01.uexp" 1358
"C:/Users/Nate/Documents/Unreal Projects/Feature_Simonton_Nat/Content/Models/DesertBackground/DE_Pyramid01_011.uasset" 1359
"C:/Users/Nate/Documents/Unreal Projects/Feature_Simonton_Nat/Content/Models/DesertBackground/DE_Pyramid01_011.uexp" 1360
"C:/Users/Nate/Documents/Unreal Projects/Feature_Simonton_Nat/Content/Models/DesertBackground/ReturnToDreamlandDesertBackground.ubulk" 1361
"C:/Users/Nate/Documents/Unreal Projects/Feature_Simonton_Nat/Content/Models/DesertBackground/ReturnToDreamlandDesertBackground.uasset" 1362
"C:/Users/Nate/Documents/Unreal Projects/Feature_Simonton_Nat/Content/Models/DesertBackground/ReturnToDreamlandDesertBackground.uexp" 1363
"C:/Users/Nate/Documents/Unreal Projects/Feature_Simonton_Nat/Content/Blueprints/UI/WBP_UI.uasset" 1364
"C:/Users/Nate/Documents/Unreal Projects/Feature_Simonton_Nat/Content/Blueprints/UI/WBP_UI.uexp" 1365
"C:/Users/Nate/Documents/Unreal Projects/Feature_Simonton_Nat/Content/Blueprints/UI/BP_UIManager.uasset" 1366
"C:/Users/Nate/Documents/Unreal Projects/Feature_Simonton_Nat/Content/Blueprints/UI/BP_UIManager.uexp" 1367
"C:/Users/Nate/Documents/Unreal Projects/Feature_Simonton_Nat/Content/Models/Chilly/Chilly00.ubulk" 1368
"C:/Users/Nate/Documents/Unreal Projects/Feature_Simonton_Nat/Content/Models/Chilly/Chilly00.uasset" 1369
"C:/Users/Nate/Documents/Unreal Projects/Feature_Simonton_Nat/Content/Models/Chilly/Chilly00.uexp" 1370
"C:/Users/Nate/Documents/Unreal Projects/Feature_Simonton_Nat/Content/Models/Chilly/BodyC_mat.uasset" 1371
"C:/Users/Nate/Documents/Unreal Projects/Feature_Simonton_Nat/Content/Models/Chilly/BodyC_mat.uexp" 1372
"C:/Users/Nate/Documents/Unreal Projects/Feature_Simonton_Nat/Content/Models/Chilly/Chilly.ubulk" 1373
"C:/Users/Nate/Documents/Unreal Projects/Feature_Simonton_Nat/Content/Models/Chilly/Chilly.uasset" 1374
"C:/Users/Nate/Documents/Unreal Projects/Feature_Simonton_Nat/Content/Models/Chilly/Chilly.uexp" 1375
"C:/Users/Nate/Documents/Unreal Projects/Feature_Simonton_Nat/Content/Blueprints/Enemies/BP_Chilly.uasset" 1376
"C:/Users/Nate/Documents/Unreal Projects/Feature_Simonton_Nat/Content/Blueprints/Enemies/BP_Chilly.uexp" 1377
"C:/Users/Nate/Documents/Unreal Projects/Feature_Simonton_Nat/Content/Models/Walky/Walky_Skeleton.uasset" 1378
"C:/Users/Nate/Documents/Unreal Projects/Feature_Simonton_Nat/Content/Models/Walky/Walky_Skeleton.uexp" 1379
"C:/Users/Nate/Documents/Unreal Projects/Feature_Simonton_Nat/Content/Models/Walky/Walky_PhysicsAsset.uasset" 1380
"C:/Users/Nate/Documents/Unreal Projects/Feature_Simonton_Nat/Content/Models/Walky/Walky_PhysicsAsset.uexp" 1381
"C:/Users/Nate/Documents/Unreal Projects/Feature_Simonton_Nat/Content/Models/Walky/EmWalkyBody.uasset" 1382
"C:/Users/Nate/Documents/Unreal Projects/Feature_Simonton_Nat/Content/Models/Walky/EmWalkyBody.uexp" 1383
"C:/Users/Nate/Documents/Unreal Projects/Feature_Simonton_Nat/Content/Models/Walky/EmWalkyBody1.uasset" 1384
"C:/Users/Nate/Documents/Unreal Projects/Feature_Simonton_Nat/Content/Models/Walky/EmWalkyBody1.uexp" 1385
"C:/Users/Nate/Documents/Unreal Projects/Feature_Simonton_Nat/Content/Models/Walky/Walky.uasset" 1386
"C:/Users/Nate/Documents/Unreal Projects/Feature_Simonton_Nat/Content/Models/Walky/Walky.uexp" 1387
"C:/Users/Nate/Documents/Unreal Projects/Feature_Simonton_Nat/Content/Blueprints/Enemies/BP_Walky.uasset" 1388
"C:/Users/Nate/Documents/Unreal Projects/Feature_Simonton_Nat/Content/Blueprints/Enemies/BP_Walky.uexp" 1389
"C:/Users/Nate/Documents/Unreal Projects/Feature_Simonton_Nat/Content/Models/HotHead/Hothead_00.uasset" 1390
"C:/Users/Nate/Documents/Unreal Projects/Feature_Simonton_Nat/Content/Models/HotHead/Hothead_00.uexp" 1391
"C:/Users/Nate/Documents/Unreal Projects/Feature_Simonton_Nat/Content/Models/HotHead/lambert3_mat.uasset" 1392
"C:/Users/Nate/Documents/Unreal Projects/Feature_Simonton_Nat/Content/Models/HotHead/lambert3_mat.uexp" 1393
"C:/Users/Nate/Documents/Unreal Projects/Feature_Simonton_Nat/Content/Models/HotHead/HotHead.ubulk" 1394
"C:/Users/Nate/Documents/Unreal Projects/Feature_Simonton_Nat/Content/Models/HotHead/HotHead.uasset" 1395
"C:/Users/Nate/Documents/Unreal Projects/Feature_Simonton_Nat/Content/Models/HotHead/HotHead.uexp" 1396
"C:/Users/Nate/Documents/Unreal Projects/Feature_Simonton_Nat/Content/Blueprints/Enemies/BP_HotHead.uasset" 1397
"C:/Users/Nate/Documents/Unreal Projects/Feature_Simonton_Nat/Content/Blueprints/Enemies/BP_HotHead.uexp" 1398
"C:/Users/Nate/Documents/Unreal Projects/Feature_Simonton_Nat/Content/SoundEffects/boss-defeat.ubulk" 1399
"C:/Users/Nate/Documents/Unreal Projects/Feature_Simonton_Nat/Content/SoundEffects/boss-defeat.uasset" 1400
"C:/Users/Nate/Documents/Unreal Projects/Feature_Simonton_Nat/Content/SoundEffects/boss-defeat.uexp" 1401
"C:/Users/Nate/Documents/Unreal Projects/Feature_Simonton_Nat/Content/Models/Landia/LandiaCrystal01.uasset" 1402
"C:/Users/Nate/Documents/Unreal Projects/Feature_Simonton_Nat/Content/Models/Landia/LandiaCrystal01.uexp" 1403
"C:/Users/Nate/Documents/Unreal Projects/Feature_Simonton_Nat/Content/Models/Landia/mat8.uasset" 1404
"C:/Users/Nate/Documents/Unreal Projects/Feature_Simonton_Nat/Content/Models/Landia/mat8.uexp" 1405
"C:/Users/Nate/Documents/Unreal Projects/Feature_Simonton_Nat/Content/Models/Landia/LandiaCrownRef01.uasset" 1406
"C:/Users/Nate/Documents/Unreal Projects/Feature_Simonton_Nat/Content/Models/Landia/LandiaCrownRef01.uexp" 1407
"C:/Users/Nate/Documents/Unreal Projects/Feature_Simonton_Nat/Content/Models/Landia/mat7.uasset" 1408
"C:/Users/Nate/Documents/Unreal Projects/Feature_Simonton_Nat/Content/Models/Landia/mat7.uexp" 1409
"C:/Users/Nate/Documents/Unreal Projects/Feature_Simonton_Nat/Content/Models/Landia/LandiaEye_01.uasset" 1410
"C:/Users/Nate/Documents/Unreal Projects/Feature_Simonton_Nat/Content/Models/Landia/LandiaEye_01.uexp" 1411
"C:/Users/Nate/Documents/Unreal Projects/Feature_Simonton_Nat/Content/Models/Landia/mat5.uasset" 1412
"C:/Users/Nate/Documents/Unreal Projects/Feature_Simonton_Nat/Content/Models/Landia/mat5.uexp" 1413
"C:/Users/Nate/Documents/Unreal Projects/Feature_Simonton_Nat/Content/Models/Landia/LandiaBody01.uasset" 1414
"C:/Users/Nate/Documents/Unreal Projects/Feature_Simonton_Nat/Content/Models/Landia/LandiaBody01.uexp" 1415
"C:/Users/Nate/Documents/Unreal Projects/Feature_Simonton_Nat/Content/Models/Landia/mat2.uasset" 1416
"C:/Users/Nate/Documents/Unreal Projects/Feature_Simonton_Nat/Content/Models/Landia/mat2.uexp" 1417
"C:/Users/Nate/Documents/Unreal Projects/Feature_Simonton_Nat/Content/Models/Landia/LandiaWithEyesCombined.ubulk" 1418
"C:/Users/Nate/Documents/Unreal Projects/Feature_Simonton_Nat/Content/Models/Landia/LandiaWithEyesCombined.uasset" 1419
"C:/Users/Nate/Documents/Unreal Projects/Feature_Simonton_Nat/Content/Models/Landia/LandiaWithEyesCombined.uexp" 1420
"C:/Users/Nate/Documents/Unreal Projects/Feature_Simonton_Nat/Content/Blueprints/Enemies/BP_Landia.uasset" 1421
"C:/Users/Nate/Documents/Unreal Projects/Feature_Simonton_Nat/Content/Blueprints/Enemies/BP_Landia.uexp" 1422
"C:/Users/Nate/Documents/Unreal Projects/Feature_Simonton_Nat/Content/Models/WaddleDee/TEX_ChDee_00.uasset" 1423
"C:/Users/Nate/Documents/Unreal Projects/Feature_Simonton_Nat/Content/Models/WaddleDee/TEX_ChDee_00.uexp" 1424
"C:/Users/Nate/Documents/Unreal Projects/Feature_Simonton_Nat/Content/Models/WaddleDee/mat1.uasset" 1425
"C:/Users/Nate/Documents/Unreal Projects/Feature_Simonton_Nat/Content/Models/WaddleDee/mat1.uexp" 1426
"C:/Users/Nate/Documents/Unreal Projects/Feature_Simonton_Nat/Content/Models/WaddleDee/Model.ubulk" 1427
"C:/Users/Nate/Documents/Unreal Projects/Feature_Simonton_Nat/Content/Models/WaddleDee/Model.uasset" 1428
"C:/Users/Nate/Documents/Unreal Projects/Feature_Simonton_Nat/Content/Models/WaddleDee/Model.uexp" 1429
"C:/Users/Nate/Documents/Unreal Projects/Feature_Simonton_Nat/Content/Levels/L_Level1.uexp" 1430
"C:/Users/Nate/Documents/Unreal Projects/Feature_Simonton_Nat/Content/Levels/L_Level1.umap" 1431
